grid_id,centroid_x,centroid_y,spatial_fold
"1847,3610",387975.0,758205.0,3
"1848,3610",388185.0,758205.0,3
"1849,3610",388395.0,758205.0,3
"1850,3610",388605.0,758205.0,3
"1847,3611",387975.0,758415.0,3
"1848,3611",388185.0,758415.0,3
"1849,3611",388395.0,758415.0,3
"1850,3611",388605.0,758415.0,3
"1851,3611",388815.0,758415.0,3
"1852,3611",389025.0,758415.0,3
"1853,3611",389235.0,758415.0,3
"1854,3611",389445.0,758415.0,3
"1846,3612",387765.0,758625.0,3
"1847,3612",387975.0,758625.0,3
"1848,3612",388185.0,758625.0,3
"1849,3612",388395.0,758625.0,3
"1850,3612",388605.0,758625.0,3
"1851,3612",388815.0,758625.0,3
"1852,3612",389025.0,758625.0,3
"1853,3612",389235.0,758625.0,3
"1854,3612",389445.0,758625.0,3
"1855,3612",389655.0,758625.0,3
"1856,3612",389865.0,758625.0,3
"1857,3612",390075.0,758625.0,3
"1843,3613",387135.0,758835.0,3
"1844,3613",387345.0,758835.0,3
"1845,3613",387555.0,758835.0,3
"1846,3613",387765.0,758835.0,3
"1847,3613",387975.0,758835.0,3
"1848,3613",388185.0,758835.0,3
"1849,3613",388395.0,758835.0,3
"1850,3613",388605.0,758835.0,3
"1851,3613",388815.0,758835.0,3
"1852,3613",389025.0,758835.0,3
"1853,3613",389235.0,758835.0,3
"1854,3613",389445.0,758835.0,3
"1855,3613",389655.0,758835.0,3
"1856,3613",389865.0,758835.0,3
"1857,3613",390075.0,758835.0,3
"1858,3613",390285.0,758835.0,3
"1833,3614",385035.0,759045.0,3
"1834,3614",385245.0,759045.0,3
"1835,3614",385455.0,759045.0,3
"1836,3614",385665.0,759045.0,3
"1837,3614",385875.0,759045.0,3
"1838,3614",386085.0,759045.0,3
"1839,3614",386295.0,759045.0,3
"1840,3614",386505.0,759045.0,3
"1841,3614",386715.0,759045.0,3
"1842,3614",386925.0,759045.0,3
"1843,3614",387135.0,759045.0,3
"1844,3614",387345.0,759045.0,3
"1845,3614",387555.0,759045.0,3
"1846,3614",387765.0,759045.0,3
"1847,3614",387975.0,759045.0,3
"1848,3614",388185.0,759045.0,3
"1849,3614",388395.0,759045.0,3
"1850,3614",388605.0,759045.0,3
"1851,3614",388815.0,759045.0,3
"1852,3614",389025.0,759045.0,3
"1853,3614",389235.0,759045.0,3
"1854,3614",389445.0,759045.0,3
"1855,3614",389655.0,759045.0,3
"1856,3614",389865.0,759045.0,3
"1857,3614",390075.0,759045.0,3
"1858,3614",390285.0,759045.0,3
"1832,3615",384825.0,759255.0,3
"1833,3615",385035.0,759255.0,3
"1834,3615",385245.0,759255.0,3
"1835,3615",385455.0,759255.0,3
"1836,3615",385665.0,759255.0,3
"1837,3615",385875.0,759255.0,3
"1838,3615",386085.0,759255.0,3
"1839,3615",386295.0,759255.0,3
"1840,3615",386505.0,759255.0,3
"1841,3615",386715.0,759255.0,3
"1842,3615",386925.0,759255.0,3
"1843,3615",387135.0,759255.0,3
"1844,3615",387345.0,759255.0,3
"1845,3615",387555.0,759255.0,3
"1846,3615",387765.0,759255.0,3
"1847,3615",387975.0,759255.0,3
"1848,3615",388185.0,759255.0,3
"1849,3615",388395.0,759255.0,3
"1850,3615",388605.0,759255.0,3
"1851,3615",388815.0,759255.0,3
"1852,3615",389025.0,759255.0,3
"1853,3615",389235.0,759255.0,3
"1854,3615",389445.0,759255.0,3
"1855,3615",389655.0,759255.0,3
"1856,3615",389865.0,759255.0,3
"1857,3615",390075.0,759255.0,3
"1832,3616",384825.0,759465.0,3
"1833,3616",385035.0,759465.0,3
"1834,3616",385245.0,759465.0,3
"1835,3616",385455.0,759465.0,3
"1836,3616",385665.0,759465.0,3
"1837,3616",385875.0,759465.0,3
"1838,3616",386085.0,759465.0,3
"1839,3616",386295.0,759465.0,3
"1840,3616",386505.0,759465.0,3
"1841,3616",386715.0,759465.0,3
"1842,3616",386925.0,759465.0,3
"1843,3616",387135.0,759465.0,3
"1844,3616",387345.0,759465.0,3
"1845,3616",387555.0,759465.0,3
"1846,3616",387765.0,759465.0,3
"1847,3616",387975.0,759465.0,3
"1848,3616",388185.0,759465.0,3
"1849,3616",388395.0,759465.0,3
"1850,3616",388605.0,759465.0,3
"1851,3616",388815.0,759465.0,3
"1852,3616",389025.0,759465.0,3
"1853,3616",389235.0,759465.0,3
"1854,3616",389445.0,759465.0,3
"1855,3616",389655.0,759465.0,3
"1856,3616",389865.0,759465.0,3
"1857,3616",390075.0,759465.0,3
"1832,3617",384825.0,759675.0,3
"1833,3617",385035.0,759675.0,3
"1834,3617",385245.0,759675.0,3
"1835,3617",385455.0,759675.0,3
"1836,3617",385665.0,759675.0,3
"1837,3617",385875.0,759675.0,3
"1838,3617",386085.0,759675.0,3
"1839,3617",386295.0,759675.0,3
"1840,3617",386505.0,759675.0,3
"1841,3617",386715.0,759675.0,3
"1842,3617",386925.0,759675.0,3
"1843,3617",387135.0,759675.0,3
"1844,3617",387345.0,759675.0,3
"1845,3617",387555.0,759675.0,3
"1846,3617",387765.0,759675.0,3
"1847,3617",387975.0,759675.0,3
"1848,3617",388185.0,759675.0,3
"1849,3617",388395.0,759675.0,3
"1850,3617",388605.0,759675.0,3
"1851,3617",388815.0,759675.0,3
"1852,3617",389025.0,759675.0,3
"1853,3617",389235.0,759675.0,3
"1854,3617",389445.0,759675.0,3
"1855,3617",389655.0,759675.0,3
"1856,3617",389865.0,759675.0,3
"1857,3617",390075.0,759675.0,3
"1826,3618",383565.0,759885.0,1
"1827,3618",383775.0,759885.0,1
"1828,3618",383985.0,759885.0,3
"1829,3618",384195.0,759885.0,3
"1830,3618",384405.0,759885.0,3
"1831,3618",384615.0,759885.0,3
"1832,3618",384825.0,759885.0,3
"1833,3618",385035.0,759885.0,3
"1834,3618",385245.0,759885.0,3
"1835,3618",385455.0,759885.0,3
"1836,3618",385665.0,759885.0,3
"1837,3618",385875.0,759885.0,3
"1838,3618",386085.0,759885.0,3
"1839,3618",386295.0,759885.0,3
"1840,3618",386505.0,759885.0,3
"1841,3618",386715.0,759885.0,3
"1842,3618",386925.0,759885.0,3
"1843,3618",387135.0,759885.0,3
"1844,3618",387345.0,759885.0,3
"1845,3618",387555.0,759885.0,3
"1846,3618",387765.0,759885.0,3
"1847,3618",387975.0,759885.0,3
"1848,3618",388185.0,759885.0,3
"1849,3618",388395.0,759885.0,3
"1850,3618",388605.0,759885.0,3
"1851,3618",388815.0,759885.0,3
"1852,3618",389025.0,759885.0,3
"1853,3618",389235.0,759885.0,3
"1854,3618",389445.0,759885.0,3
"1855,3618",389655.0,759885.0,3
"1856,3618",389865.0,759885.0,3
"1857,3618",390075.0,759885.0,3
"1818,3619",381885.0,760095.0,1
"1819,3619",382095.0,760095.0,1
"1820,3619",382305.0,760095.0,1
"1826,3619",383565.0,760095.0,1
"1827,3619",383775.0,760095.0,1
"1828,3619",383985.0,760095.0,1
"1829,3619",384195.0,760095.0,3
"1830,3619",384405.0,760095.0,3
"1831,3619",384615.0,760095.0,3
"1832,3619",384825.0,760095.0,3
"1833,3619",385035.0,760095.0,3
"1834,3619",385245.0,760095.0,3
"1835,3619",385455.0,760095.0,3
"1836,3619",385665.0,760095.0,3
"1837,3619",385875.0,760095.0,3
"1838,3619",386085.0,760095.0,3
"1839,3619",386295.0,760095.0,3
"1840,3619",386505.0,760095.0,3
"1841,3619",386715.0,760095.0,3
"1842,3619",386925.0,760095.0,3
"1843,3619",387135.0,760095.0,3
"1844,3619",387345.0,760095.0,3
"1845,3619",387555.0,760095.0,3
"1846,3619",387765.0,760095.0,3
"1847,3619",387975.0,760095.0,3
"1848,3619",388185.0,760095.0,3
"1849,3619",388395.0,760095.0,3
"1850,3619",388605.0,760095.0,3
"1851,3619",388815.0,760095.0,3
"1852,3619",389025.0,760095.0,3
"1853,3619",389235.0,760095.0,3
"1854,3619",389445.0,760095.0,3
"1855,3619",389655.0,760095.0,3
"1856,3619",389865.0,760095.0,3
"1857,3619",390075.0,760095.0,3
"1816,3620",381465.0,760305.0,1
"1817,3620",381675.0,760305.0,1
"1818,3620",381885.0,760305.0,1
"1819,3620",382095.0,760305.0,1
"1820,3620",382305.0,760305.0,1
"1826,3620",383565.0,760305.0,1
"1827,3620",383775.0,760305.0,1
"1828,3620",383985.0,760305.0,1
"1829,3620",384195.0,760305.0,3
"1830,3620",384405.0,760305.0,3
"1831,3620",384615.0,760305.0,3
"1832,3620",384825.0,760305.0,3
"1833,3620",385035.0,760305.0,3
"1834,3620",385245.0,760305.0,3
"1835,3620",385455.0,760305.0,3
"1836,3620",385665.0,760305.0,3
"1837,3620",385875.0,760305.0,3
"1838,3620",386085.0,760305.0,3
"1839,3620",386295.0,760305.0,3
"1840,3620",386505.0,760305.0,3
"1841,3620",386715.0,760305.0,3
"1842,3620",386925.0,760305.0,3
"1843,3620",387135.0,760305.0,3
"1844,3620",387345.0,760305.0,3
"1845,3620",387555.0,760305.0,3
"1846,3620",387765.0,760305.0,3
"1847,3620",387975.0,760305.0,3
"1848,3620",388185.0,760305.0,3
"1849,3620",388395.0,760305.0,3
"1850,3620",388605.0,760305.0,3
"1851,3620",388815.0,760305.0,3
"1852,3620",389025.0,760305.0,3
"1853,3620",389235.0,760305.0,3
"1854,3620",389445.0,760305.0,3
"1855,3620",389655.0,760305.0,3
"1856,3620",389865.0,760305.0,3
"1857,3620",390075.0,760305.0,3
"1858,3620",390285.0,760305.0,3
"1815,3621",381255.0,760515.0,1
"1816,3621",381465.0,760515.0,1
"1817,3621",381675.0,760515.0,1
"1818,3621",381885.0,760515.0,1
"1819,3621",382095.0,760515.0,1
"1820,3621",382305.0,760515.0,1
"1821,3621",382515.0,760515.0,1
"1822,3621",382725.0,760515.0,1
"1826,3621",383565.0,760515.0,1
"1827,3621",383775.0,760515.0,1
"1828,3621",383985.0,760515.0,1
"1829,3621",384195.0,760515.0,3
"1830,3621",384405.0,760515.0,3
"1831,3621",384615.0,760515.0,3
"1832,3621",384825.0,760515.0,3
"1833,3621",385035.0,760515.0,3
"1834,3621",385245.0,760515.0,3
"1835,3621",385455.0,760515.0,3
"1836,3621",385665.0,760515.0,3
"1837,3621",385875.0,760515.0,3
"1838,3621",386085.0,760515.0,3
"1839,3621",386295.0,760515.0,3
"1840,3621",386505.0,760515.0,3
"1841,3621",386715.0,760515.0,3
"1842,3621",386925.0,760515.0,3
"1843,3621",387135.0,760515.0,3
"1844,3621",387345.0,760515.0,3
"1845,3621",387555.0,760515.0,3
"1846,3621",387765.0,760515.0,3
"1847,3621",387975.0,760515.0,3
"1848,3621",388185.0,760515.0,3
"1849,3621",388395.0,760515.0,3
"1850,3621",388605.0,760515.0,3
"1851,3621",388815.0,760515.0,3
"1852,3621",389025.0,760515.0,3
"1853,3621",389235.0,760515.0,3
"1854,3621",389445.0,760515.0,3
"1855,3621",389655.0,760515.0,3
"1856,3621",389865.0,760515.0,3
"1857,3621",390075.0,760515.0,3
"1858,3621",390285.0,760515.0,3
"1873,3621",393435.0,760515.0,5
"1815,3622",381255.0,760725.0,1
"1816,3622",381465.0,760725.0,1
"1817,3622",381675.0,760725.0,1
"1818,3622",381885.0,760725.0,1
"1819,3622",382095.0,760725.0,1
"1820,3622",382305.0,760725.0,1
"1821,3622",382515.0,760725.0,1
"1822,3622",382725.0,760725.0,1
"1823,3622",382935.0,760725.0,1
"1824,3622",383145.0,760725.0,1
"1825,3622",383355.0,760725.0,1
"1826,3622",383565.0,760725.0,1
"1827,3622",383775.0,760725.0,1
"1828,3622",383985.0,760725.0,1
"1829,3622",384195.0,760725.0,1
"1830,3622",384405.0,760725.0,3
"1831,3622",384615.0,760725.0,3
"1832,3622",384825.0,760725.0,3
"1833,3622",385035.0,760725.0,3
"1834,3622",385245.0,760725.0,3
"1835,3622",385455.0,760725.0,3
"1836,3622",385665.0,760725.0,3
"1837,3622",385875.0,760725.0,3
"1838,3622",386085.0,760725.0,3
"1839,3622",386295.0,760725.0,3
"1840,3622",386505.0,760725.0,3
"1841,3622",386715.0,760725.0,3
"1842,3622",386925.0,760725.0,3
"1843,3622",387135.0,760725.0,3
"1844,3622",387345.0,760725.0,3
"1845,3622",387555.0,760725.0,3
"1846,3622",387765.0,760725.0,3
"1847,3622",387975.0,760725.0,3
"1848,3622",388185.0,760725.0,3
"1849,3622",388395.0,760725.0,3
"1850,3622",388605.0,760725.0,3
"1851,3622",388815.0,760725.0,3
"1852,3622",389025.0,760725.0,3
"1853,3622",389235.0,760725.0,3
"1854,3622",389445.0,760725.0,3
"1855,3622",389655.0,760725.0,3
"1856,3622",389865.0,760725.0,3
"1857,3622",390075.0,760725.0,3
"1858,3622",390285.0,760725.0,3
"1859,3622",390495.0,760725.0,5
"1866,3622",391965.0,760725.0,5
"1867,3622",392175.0,760725.0,5
"1868,3622",392385.0,760725.0,5
"1869,3622",392595.0,760725.0,5
"1871,3622",393015.0,760725.0,5
"1872,3622",393225.0,760725.0,5
"1873,3622",393435.0,760725.0,5
"1874,3622",393645.0,760725.0,5
"1875,3622",393855.0,760725.0,5
"1876,3622",394065.0,760725.0,5
"1814,3623",381045.0,760935.0,1
"1815,3623",381255.0,760935.0,1
"1816,3623",381465.0,760935.0,1
"1817,3623",381675.0,760935.0,1
"1818,3623",381885.0,760935.0,1
"1819,3623",382095.0,760935.0,1
"1820,3623",382305.0,760935.0,1
"1821,3623",382515.0,760935.0,1
"1822,3623",382725.0,760935.0,1
"1823,3623",382935.0,760935.0,1
"1824,3623",383145.0,760935.0,1
"1825,3623",383355.0,760935.0,1
"1826,3623",383565.0,760935.0,1
"1827,3623",383775.0,760935.0,1
"1828,3623",383985.0,760935.0,1
"1829,3623",384195.0,760935.0,1
"1830,3623",384405.0,760935.0,3
"1831,3623",384615.0,760935.0,3
"1832,3623",384825.0,760935.0,3
"1833,3623",385035.0,760935.0,3
"1834,3623",385245.0,760935.0,3
"1835,3623",385455.0,760935.0,3
"1836,3623",385665.0,760935.0,3
"1837,3623",385875.0,760935.0,3
"1838,3623",386085.0,760935.0,3
"1839,3623",386295.0,760935.0,3
"1840,3623",386505.0,760935.0,3
"1841,3623",386715.0,760935.0,3
"1842,3623",386925.0,760935.0,3
"1843,3623",387135.0,760935.0,3
"1844,3623",387345.0,760935.0,3
"1845,3623",387555.0,760935.0,3
"1846,3623",387765.0,760935.0,3
"1847,3623",387975.0,760935.0,3
"1848,3623",388185.0,760935.0,3
"1849,3623",388395.0,760935.0,3
"1850,3623",388605.0,760935.0,3
"1851,3623",388815.0,760935.0,3
"1852,3623",389025.0,760935.0,3
"1853,3623",389235.0,760935.0,3
"1854,3623",389445.0,760935.0,3
"1855,3623",389655.0,760935.0,3
"1856,3623",389865.0,760935.0,3
"1857,3623",390075.0,760935.0,3
"1858,3623",390285.0,760935.0,5
"1859,3623",390495.0,760935.0,5
"1866,3623",391965.0,760935.0,5
"1867,3623",392175.0,760935.0,5
"1868,3623",392385.0,760935.0,5
"1869,3623",392595.0,760935.0,5
"1870,3623",392805.0,760935.0,5
"1871,3623",393015.0,760935.0,5
"1872,3623",393225.0,760935.0,5
"1873,3623",393435.0,760935.0,5
"1874,3623",393645.0,760935.0,5
"1875,3623",393855.0,760935.0,5
"1876,3623",394065.0,760935.0,5
"1813,3624",380835.0,761145.0,1
"1814,3624",381045.0,761145.0,1
"1815,3624",381255.0,761145.0,1
"1816,3624",381465.0,761145.0,1
"1817,3624",381675.0,761145.0,1
"1818,3624",381885.0,761145.0,1
"1819,3624",382095.0,761145.0,1
"1820,3624",382305.0,761145.0,1
"1821,3624",382515.0,761145.0,1
"1822,3624",382725.0,761145.0,1
"1823,3624",382935.0,761145.0,1
"1824,3624",383145.0,761145.0,1
"1825,3624",383355.0,761145.0,1
"1826,3624",383565.0,761145.0,1
"1827,3624",383775.0,761145.0,1
"1828,3624",383985.0,761145.0,1
"1829,3624",384195.0,761145.0,1
"1830,3624",384405.0,761145.0,1
"1831,3624",384615.0,761145.0,3
"1832,3624",384825.0,761145.0,3
"1833,3624",385035.0,761145.0,3
"1834,3624",385245.0,761145.0,3
"1835,3624",385455.0,761145.0,3
"1836,3624",385665.0,761145.0,3
"1837,3624",385875.0,761145.0,3
"1838,3624",386085.0,761145.0,3
"1839,3624",386295.0,761145.0,3
"1840,3624",386505.0,761145.0,3
"1841,3624",386715.0,761145.0,3
"1842,3624",386925.0,761145.0,3
"1843,3624",387135.0,761145.0,3
"1844,3624",387345.0,761145.0,3
"1845,3624",387555.0,761145.0,3
"1846,3624",387765.0,761145.0,3
"1847,3624",387975.0,761145.0,3
"1848,3624",388185.0,761145.0,3
"1849,3624",388395.0,761145.0,3
"1850,3624",388605.0,761145.0,3
"1851,3624",388815.0,761145.0,3
"1852,3624",389025.0,761145.0,3
"1853,3624",389235.0,761145.0,3
"1854,3624",389445.0,761145.0,3
"1855,3624",389655.0,761145.0,3
"1856,3624",389865.0,761145.0,3
"1857,3624",390075.0,761145.0,3
"1858,3624",390285.0,761145.0,5
"1859,3624",390495.0,761145.0,5
"1860,3624",390705.0,761145.0,5
"1866,3624",391965.0,761145.0,5
"1867,3624",392175.0,761145.0,5
"1868,3624",392385.0,761145.0,5
"1869,3624",392595.0,761145.0,5
"1870,3624",392805.0,761145.0,5
"1871,3624",393015.0,761145.0,5
"1872,3624",393225.0,761145.0,5
"1873,3624",393435.0,761145.0,5
"1874,3624",393645.0,761145.0,5
"1875,3624",393855.0,761145.0,5
"1813,3625",380835.0,761355.0,1
"1814,3625",381045.0,761355.0,1
"1815,3625",381255.0,761355.0,1
"1816,3625",381465.0,761355.0,1
"1817,3625",381675.0,761355.0,1
"1818,3625",381885.0,761355.0,1
"1819,3625",382095.0,761355.0,1
"1820,3625",382305.0,761355.0,1
"1821,3625",382515.0,761355.0,1
"1822,3625",382725.0,761355.0,1
"1823,3625",382935.0,761355.0,1
"1824,3625",383145.0,761355.0,1
"1825,3625",383355.0,761355.0,1
"1826,3625",383565.0,761355.0,1
"1827,3625",383775.0,761355.0,1
"1828,3625",383985.0,761355.0,1
"1829,3625",384195.0,761355.0,1
"1830,3625",384405.0,761355.0,1
"1831,3625",384615.0,761355.0,3
"1832,3625",384825.0,761355.0,3
"1833,3625",385035.0,761355.0,3
"1834,3625",385245.0,761355.0,3
"1835,3625",385455.0,761355.0,3
"1836,3625",385665.0,761355.0,3
"1837,3625",385875.0,761355.0,3
"1838,3625",386085.0,761355.0,3
"1839,3625",386295.0,761355.0,3
"1840,3625",386505.0,761355.0,3
"1841,3625",386715.0,761355.0,3
"1842,3625",386925.0,761355.0,3
"1843,3625",387135.0,761355.0,3
"1844,3625",387345.0,761355.0,3
"1845,3625",387555.0,761355.0,3
"1846,3625",387765.0,761355.0,3
"1847,3625",387975.0,761355.0,3
"1848,3625",388185.0,761355.0,3
"1849,3625",388395.0,761355.0,3
"1850,3625",388605.0,761355.0,3
"1851,3625",388815.0,761355.0,3
"1852,3625",389025.0,761355.0,3
"1853,3625",389235.0,761355.0,3
"1854,3625",389445.0,761355.0,3
"1855,3625",389655.0,761355.0,3
"1856,3625",389865.0,761355.0,3
"1857,3625",390075.0,761355.0,5
"1858,3625",390285.0,761355.0,5
"1859,3625",390495.0,761355.0,5
"1860,3625",390705.0,761355.0,5
"1861,3625",390915.0,761355.0,5
"1866,3625",391965.0,761355.0,5
"1867,3625",392175.0,761355.0,5
"1868,3625",392385.0,761355.0,5
"1869,3625",392595.0,761355.0,5
"1870,3625",392805.0,761355.0,5
"1871,3625",393015.0,761355.0,5
"1872,3625",393225.0,761355.0,5
"1873,3625",393435.0,761355.0,5
"1874,3625",393645.0,761355.0,5
"1812,3626",380625.0,761565.0,1
"1813,3626",380835.0,761565.0,1
"1814,3626",381045.0,761565.0,1
"1815,3626",381255.0,761565.0,1
"1816,3626",381465.0,761565.0,1
"1817,3626",381675.0,761565.0,1
"1818,3626",381885.0,761565.0,1
"1819,3626",382095.0,761565.0,1
"1820,3626",382305.0,761565.0,1
"1821,3626",382515.0,761565.0,1
"1822,3626",382725.0,761565.0,1
"1823,3626",382935.0,761565.0,1
"1824,3626",383145.0,761565.0,1
"1825,3626",383355.0,761565.0,1
"1826,3626",383565.0,761565.0,1
"1827,3626",383775.0,761565.0,1
"1828,3626",383985.0,761565.0,1
"1829,3626",384195.0,761565.0,1
"1830,3626",384405.0,761565.0,1
"1831,3626",384615.0,761565.0,3
"1832,3626",384825.0,761565.0,3
"1833,3626",385035.0,761565.0,3
"1834,3626",385245.0,761565.0,3
"1835,3626",385455.0,761565.0,3
"1836,3626",385665.0,761565.0,3
"1837,3626",385875.0,761565.0,3
"1838,3626",386085.0,761565.0,3
"1839,3626",386295.0,761565.0,3
"1840,3626",386505.0,761565.0,3
"1841,3626",386715.0,761565.0,3
"1842,3626",386925.0,761565.0,3
"1843,3626",387135.0,761565.0,3
"1844,3626",387345.0,761565.0,3
"1845,3626",387555.0,761565.0,3
"1846,3626",387765.0,761565.0,3
"1847,3626",387975.0,761565.0,3
"1848,3626",388185.0,761565.0,3
"1849,3626",388395.0,761565.0,3
"1850,3626",388605.0,761565.0,3
"1851,3626",388815.0,761565.0,3
"1852,3626",389025.0,761565.0,3
"1853,3626",389235.0,761565.0,3
"1854,3626",389445.0,761565.0,3
"1855,3626",389655.0,761565.0,3
"1856,3626",389865.0,761565.0,3
"1857,3626",390075.0,761565.0,5
"1858,3626",390285.0,761565.0,5
"1859,3626",390495.0,761565.0,5
"1860,3626",390705.0,761565.0,5
"1861,3626",390915.0,761565.0,5
"1865,3626",391755.0,761565.0,5
"1866,3626",391965.0,761565.0,5
"1867,3626",392175.0,761565.0,5
"1868,3626",392385.0,761565.0,5
"1869,3626",392595.0,761565.0,5
"1870,3626",392805.0,761565.0,5
"1871,3626",393015.0,761565.0,5
"1872,3626",393225.0,761565.0,5
"1873,3626",393435.0,761565.0,5
"1874,3626",393645.0,761565.0,5
"1810,3627",380205.0,761775.0,1
"1811,3627",380415.0,761775.0,1
"1812,3627",380625.0,761775.0,1
"1813,3627",380835.0,761775.0,1
"1814,3627",381045.0,761775.0,1
"1815,3627",381255.0,761775.0,1
"1816,3627",381465.0,761775.0,1
"1817,3627",381675.0,761775.0,1
"1818,3627",381885.0,761775.0,1
"1819,3627",382095.0,761775.0,1
"1820,3627",382305.0,761775.0,1
"1821,3627",382515.0,761775.0,1
"1822,3627",382725.0,761775.0,1
"1823,3627",382935.0,761775.0,1
"1824,3627",383145.0,761775.0,1
"1825,3627",383355.0,761775.0,1
"1826,3627",383565.0,761775.0,1
"1827,3627",383775.0,761775.0,1
"1828,3627",383985.0,761775.0,1
"1829,3627",384195.0,761775.0,1
"1830,3627",384405.0,761775.0,1
"1831,3627",384615.0,761775.0,1
"1832,3627",384825.0,761775.0,3
"1833,3627",385035.0,761775.0,3
"1834,3627",385245.0,761775.0,3
"1835,3627",385455.0,761775.0,3
"1836,3627",385665.0,761775.0,3
"1837,3627",385875.0,761775.0,3
"1838,3627",386085.0,761775.0,3
"1839,3627",386295.0,761775.0,3
"1840,3627",386505.0,761775.0,3
"1841,3627",386715.0,761775.0,3
"1842,3627",386925.0,761775.0,3
"1843,3627",387135.0,761775.0,3
"1844,3627",387345.0,761775.0,3
"1845,3627",387555.0,761775.0,3
"1846,3627",387765.0,761775.0,3
"1847,3627",387975.0,761775.0,3
"1848,3627",388185.0,761775.0,3
"1849,3627",388395.0,761775.0,3
"1850,3627",388605.0,761775.0,3
"1851,3627",388815.0,761775.0,3
"1852,3627",389025.0,761775.0,3
"1853,3627",389235.0,761775.0,3
"1854,3627",389445.0,761775.0,3
"1855,3627",389655.0,761775.0,3
"1856,3627",389865.0,761775.0,5
"1857,3627",390075.0,761775.0,5
"1858,3627",390285.0,761775.0,5
"1859,3627",390495.0,761775.0,5
"1860,3627",390705.0,761775.0,5
"1861,3627",390915.0,761775.0,5
"1862,3627",391125.0,761775.0,5
"1865,3627",391755.0,761775.0,5
"1866,3627",391965.0,761775.0,5
"1867,3627",392175.0,761775.0,5
"1868,3627",392385.0,761775.0,5
"1869,3627",392595.0,761775.0,5
"1870,3627",392805.0,761775.0,5
"1871,3627",393015.0,761775.0,5
"1872,3627",393225.0,761775.0,5
"1873,3627",393435.0,761775.0,5
"1809,3628",379995.0,761985.0,1
"1810,3628",380205.0,761985.0,1
"1811,3628",380415.0,761985.0,1
"1812,3628",380625.0,761985.0,1
"1813,3628",380835.0,761985.0,1
"1814,3628",381045.0,761985.0,1
"1815,3628",381255.0,761985.0,1
"1816,3628",381465.0,761985.0,1
"1817,3628",381675.0,761985.0,1
"1818,3628",381885.0,761985.0,1
"1819,3628",382095.0,761985.0,1
"1820,3628",382305.0,761985.0,1
"1821,3628",382515.0,761985.0,1
"1822,3628",382725.0,761985.0,1
"1823,3628",382935.0,761985.0,1
"1824,3628",383145.0,761985.0,1
"1825,3628",383355.0,761985.0,1
"1826,3628",383565.0,761985.0,1
"1827,3628",383775.0,761985.0,1
"1828,3628",383985.0,761985.0,1
"1829,3628",384195.0,761985.0,1
"1830,3628",384405.0,761985.0,1
"1831,3628",384615.0,761985.0,1
"1832,3628",384825.0,761985.0,3
"1833,3628",385035.0,761985.0,3
"1834,3628",385245.0,761985.0,3
"1835,3628",385455.0,761985.0,3
"1836,3628",385665.0,761985.0,3
"1837,3628",385875.0,761985.0,3
"1838,3628",386085.0,761985.0,3
"1839,3628",386295.0,761985.0,3
"1840,3628",386505.0,761985.0,3
"1841,3628",386715.0,761985.0,3
"1842,3628",386925.0,761985.0,3
"1843,3628",387135.0,761985.0,3
"1844,3628",387345.0,761985.0,3
"1845,3628",387555.0,761985.0,3
"1846,3628",387765.0,761985.0,3
"1847,3628",387975.0,761985.0,3
"1848,3628",388185.0,761985.0,3
"1849,3628",388395.0,761985.0,3
"1850,3628",388605.0,761985.0,3
"1851,3628",388815.0,761985.0,3
"1852,3628",389025.0,761985.0,3
"1853,3628",389235.0,761985.0,3
"1854,3628",389445.0,761985.0,3
"1855,3628",389655.0,761985.0,3
"1856,3628",389865.0,761985.0,5
"1857,3628",390075.0,761985.0,5
"1858,3628",390285.0,761985.0,5
"1859,3628",390495.0,761985.0,5
"1860,3628",390705.0,761985.0,5
"1861,3628",390915.0,761985.0,5
"1862,3628",391125.0,761985.0,5
"1863,3628",391335.0,761985.0,5
"1864,3628",391545.0,761985.0,5
"1865,3628",391755.0,761985.0,5
"1866,3628",391965.0,761985.0,5
"1867,3628",392175.0,761985.0,5
"1868,3628",392385.0,761985.0,5
"1869,3628",392595.0,761985.0,5
"1870,3628",392805.0,761985.0,5
"1871,3628",393015.0,761985.0,5
"1872,3628",393225.0,761985.0,5
"1873,3628",393435.0,761985.0,5
"1809,3629",379995.0,762195.0,1
"1810,3629",380205.0,762195.0,1
"1811,3629",380415.0,762195.0,1
"1812,3629",380625.0,762195.0,1
"1813,3629",380835.0,762195.0,1
"1814,3629",381045.0,762195.0,1
"1815,3629",381255.0,762195.0,1
"1816,3629",381465.0,762195.0,1
"1817,3629",381675.0,762195.0,1
"1818,3629",381885.0,762195.0,1
"1819,3629",382095.0,762195.0,1
"1820,3629",382305.0,762195.0,1
"1821,3629",382515.0,762195.0,1
"1822,3629",382725.0,762195.0,1
"1823,3629",382935.0,762195.0,1
"1824,3629",383145.0,762195.0,1
"1825,3629",383355.0,762195.0,1
"1826,3629",383565.0,762195.0,1
"1827,3629",383775.0,762195.0,1
"1828,3629",383985.0,762195.0,1
"1829,3629",384195.0,762195.0,1
"1830,3629",384405.0,762195.0,1
"1831,3629",384615.0,762195.0,1
"1832,3629",384825.0,762195.0,2
"1833,3629",385035.0,762195.0,2
"1834,3629",385245.0,762195.0,3
"1835,3629",385455.0,762195.0,3
"1836,3629",385665.0,762195.0,3
"1837,3629",385875.0,762195.0,3
"1838,3629",386085.0,762195.0,3
"1839,3629",386295.0,762195.0,3
"1840,3629",386505.0,762195.0,3
"1841,3629",386715.0,762195.0,3
"1842,3629",386925.0,762195.0,3
"1843,3629",387135.0,762195.0,3
"1844,3629",387345.0,762195.0,3
"1845,3629",387555.0,762195.0,3
"1846,3629",387765.0,762195.0,3
"1847,3629",387975.0,762195.0,3
"1848,3629",388185.0,762195.0,3
"1849,3629",388395.0,762195.0,3
"1850,3629",388605.0,762195.0,3
"1851,3629",388815.0,762195.0,3
"1852,3629",389025.0,762195.0,3
"1853,3629",389235.0,762195.0,3
"1854,3629",389445.0,762195.0,3
"1855,3629",389655.0,762195.0,5
"1856,3629",389865.0,762195.0,5
"1857,3629",390075.0,762195.0,5
"1858,3629",390285.0,762195.0,5
"1859,3629",390495.0,762195.0,5
"1860,3629",390705.0,762195.0,5
"1861,3629",390915.0,762195.0,5
"1862,3629",391125.0,762195.0,5
"1863,3629",391335.0,762195.0,5
"1864,3629",391545.0,762195.0,5
"1865,3629",391755.0,762195.0,5
"1866,3629",391965.0,762195.0,5
"1867,3629",392175.0,762195.0,5
"1868,3629",392385.0,762195.0,5
"1869,3629",392595.0,762195.0,5
"1870,3629",392805.0,762195.0,5
"1871,3629",393015.0,762195.0,5
"1872,3629",393225.0,762195.0,5
"1873,3629",393435.0,762195.0,5
"1808,3630",379785.0,762405.0,1
"1809,3630",379995.0,762405.0,1
"1810,3630",380205.0,762405.0,1
"1811,3630",380415.0,762405.0,1
"1812,3630",380625.0,762405.0,1
"1813,3630",380835.0,762405.0,1
"1814,3630",381045.0,762405.0,1
"1815,3630",381255.0,762405.0,1
"1816,3630",381465.0,762405.0,1
"1817,3630",381675.0,762405.0,1
"1818,3630",381885.0,762405.0,1
"1819,3630",382095.0,762405.0,1
"1820,3630",382305.0,762405.0,1
"1821,3630",382515.0,762405.0,1
"1822,3630",382725.0,762405.0,1
"1823,3630",382935.0,762405.0,1
"1824,3630",383145.0,762405.0,1
"1825,3630",383355.0,762405.0,1
"1826,3630",383565.0,762405.0,1
"1827,3630",383775.0,762405.0,1
"1828,3630",383985.0,762405.0,1
"1829,3630",384195.0,762405.0,1
"1830,3630",384405.0,762405.0,1
"1831,3630",384615.0,762405.0,2
"1832,3630",384825.0,762405.0,2
"1833,3630",385035.0,762405.0,2
"1834,3630",385245.0,762405.0,2
"1835,3630",385455.0,762405.0,2
"1836,3630",385665.0,762405.0,3
"1837,3630",385875.0,762405.0,3
"1838,3630",386085.0,762405.0,3
"1839,3630",386295.0,762405.0,3
"1840,3630",386505.0,762405.0,3
"1841,3630",386715.0,762405.0,3
"1842,3630",386925.0,762405.0,3
"1843,3630",387135.0,762405.0,3
"1844,3630",387345.0,762405.0,3
"1845,3630",387555.0,762405.0,3
"1846,3630",387765.0,762405.0,3
"1847,3630",387975.0,762405.0,3
"1848,3630",388185.0,762405.0,3
"1849,3630",388395.0,762405.0,3
"1850,3630",388605.0,762405.0,3
"1851,3630",388815.0,762405.0,3
"1852,3630",389025.0,762405.0,3
"1853,3630",389235.0,762405.0,3
"1854,3630",389445.0,762405.0,3
"1855,3630",389655.0,762405.0,5
"1856,3630",389865.0,762405.0,5
"1857,3630",390075.0,762405.0,5
"1858,3630",390285.0,762405.0,5
"1859,3630",390495.0,762405.0,5
"1860,3630",390705.0,762405.0,5
"1861,3630",390915.0,762405.0,5
"1862,3630",391125.0,762405.0,5
"1863,3630",391335.0,762405.0,5
"1864,3630",391545.0,762405.0,5
"1865,3630",391755.0,762405.0,5
"1866,3630",391965.0,762405.0,5
"1867,3630",392175.0,762405.0,5
"1868,3630",392385.0,762405.0,5
"1869,3630",392595.0,762405.0,5
"1870,3630",392805.0,762405.0,5
"1871,3630",393015.0,762405.0,5
"1872,3630",393225.0,762405.0,5
"1873,3630",393435.0,762405.0,5
"1807,3631",379575.0,762615.0,1
"1808,3631",379785.0,762615.0,1
"1809,3631",379995.0,762615.0,1
"1810,3631",380205.0,762615.0,1
"1811,3631",380415.0,762615.0,1
"1812,3631",380625.0,762615.0,1
"1813,3631",380835.0,762615.0,1
"1814,3631",381045.0,762615.0,1
"1815,3631",381255.0,762615.0,1
"1816,3631",381465.0,762615.0,1
"1817,3631",381675.0,762615.0,1
"1818,3631",381885.0,762615.0,1
"1819,3631",382095.0,762615.0,1
"1820,3631",382305.0,762615.0,1
"1821,3631",382515.0,762615.0,1
"1822,3631",382725.0,762615.0,1
"1823,3631",382935.0,762615.0,1
"1824,3631",383145.0,762615.0,1
"1825,3631",383355.0,762615.0,1
"1826,3631",383565.0,762615.0,1
"1827,3631",383775.0,762615.0,1
"1828,3631",383985.0,762615.0,1
"1829,3631",384195.0,762615.0,1
"1830,3631",384405.0,762615.0,2
"1831,3631",384615.0,762615.0,2
"1832,3631",384825.0,762615.0,2
"1833,3631",385035.0,762615.0,2
"1834,3631",385245.0,762615.0,2
"1835,3631",385455.0,762615.0,2
"1836,3631",385665.0,762615.0,2
"1837,3631",385875.0,762615.0,2
"1838,3631",386085.0,762615.0,3
"1839,3631",386295.0,762615.0,3
"1840,3631",386505.0,762615.0,3
"1841,3631",386715.0,762615.0,3
"1842,3631",386925.0,762615.0,3
"1843,3631",387135.0,762615.0,3
"1844,3631",387345.0,762615.0,3
"1845,3631",387555.0,762615.0,3
"1846,3631",387765.0,762615.0,3
"1847,3631",387975.0,762615.0,3
"1848,3631",388185.0,762615.0,3
"1849,3631",388395.0,762615.0,3
"1850,3631",388605.0,762615.0,3
"1851,3631",388815.0,762615.0,3
"1852,3631",389025.0,762615.0,3
"1853,3631",389235.0,762615.0,3
"1854,3631",389445.0,762615.0,5
"1855,3631",389655.0,762615.0,5
"1856,3631",389865.0,762615.0,5
"1857,3631",390075.0,762615.0,5
"1858,3631",390285.0,762615.0,5
"1859,3631",390495.0,762615.0,5
"1860,3631",390705.0,762615.0,5
"1861,3631",390915.0,762615.0,5
"1862,3631",391125.0,762615.0,5
"1863,3631",391335.0,762615.0,5
"1864,3631",391545.0,762615.0,5
"1865,3631",391755.0,762615.0,5
"1866,3631",391965.0,762615.0,5
"1867,3631",392175.0,762615.0,5
"1868,3631",392385.0,762615.0,5
"1869,3631",392595.0,762615.0,5
"1870,3631",392805.0,762615.0,5
"1871,3631",393015.0,762615.0,5
"1872,3631",393225.0,762615.0,5
"1873,3631",393435.0,762615.0,5
"1807,3632",379575.0,762825.0,1
"1808,3632",379785.0,762825.0,1
"1809,3632",379995.0,762825.0,1
"1810,3632",380205.0,762825.0,1
"1811,3632",380415.0,762825.0,1
"1812,3632",380625.0,762825.0,1
"1813,3632",380835.0,762825.0,1
"1814,3632",381045.0,762825.0,1
"1815,3632",381255.0,762825.0,1
"1816,3632",381465.0,762825.0,1
"1817,3632",381675.0,762825.0,1
"1818,3632",381885.0,762825.0,1
"1819,3632",382095.0,762825.0,1
"1820,3632",382305.0,762825.0,1
"1821,3632",382515.0,762825.0,1
"1822,3632",382725.0,762825.0,1
"1823,3632",382935.0,762825.0,1
"1824,3632",383145.0,762825.0,1
"1825,3632",383355.0,762825.0,1
"1826,3632",383565.0,762825.0,1
"1827,3632",383775.0,762825.0,1
"1828,3632",383985.0,762825.0,1
"1829,3632",384195.0,762825.0,1
"1830,3632",384405.0,762825.0,2
"1831,3632",384615.0,762825.0,2
"1832,3632",384825.0,762825.0,2
"1833,3632",385035.0,762825.0,2
"1834,3632",385245.0,762825.0,2
"1835,3632",385455.0,762825.0,2
"1836,3632",385665.0,762825.0,2
"1837,3632",385875.0,762825.0,2
"1838,3632",386085.0,762825.0,2
"1839,3632",386295.0,762825.0,2
"1840,3632",386505.0,762825.0,3
"1841,3632",386715.0,762825.0,3
"1842,3632",386925.0,762825.0,3
"1843,3632",387135.0,762825.0,3
"1844,3632",387345.0,762825.0,3
"1845,3632",387555.0,762825.0,3
"1846,3632",387765.0,762825.0,3
"1847,3632",387975.0,762825.0,3
"1848,3632",388185.0,762825.0,3
"1849,3632",388395.0,762825.0,3
"1850,3632",388605.0,762825.0,3
"1851,3632",388815.0,762825.0,3
"1852,3632",389025.0,762825.0,3
"1853,3632",389235.0,762825.0,3
"1854,3632",389445.0,762825.0,5
"1855,3632",389655.0,762825.0,5
"1856,3632",389865.0,762825.0,5
"1857,3632",390075.0,762825.0,5
"1858,3632",390285.0,762825.0,5
"1859,3632",390495.0,762825.0,5
"1860,3632",390705.0,762825.0,5
"1861,3632",390915.0,762825.0,5
"1862,3632",391125.0,762825.0,5
"1863,3632",391335.0,762825.0,5
"1864,3632",391545.0,762825.0,5
"1865,3632",391755.0,762825.0,5
"1866,3632",391965.0,762825.0,5
"1867,3632",392175.0,762825.0,5
"1868,3632",392385.0,762825.0,5
"1869,3632",392595.0,762825.0,5
"1870,3632",392805.0,762825.0,5
"1871,3632",393015.0,762825.0,5
"1872,3632",393225.0,762825.0,5
"1873,3632",393435.0,762825.0,5
"1806,3633",379365.0,763035.0,1
"1807,3633",379575.0,763035.0,1
"1808,3633",379785.0,763035.0,1
"1809,3633",379995.0,763035.0,1
"1810,3633",380205.0,763035.0,1
"1811,3633",380415.0,763035.0,1
"1812,3633",380625.0,763035.0,1
"1813,3633",380835.0,763035.0,1
"1814,3633",381045.0,763035.0,1
"1815,3633",381255.0,763035.0,1
"1816,3633",381465.0,763035.0,1
"1817,3633",381675.0,763035.0,1
"1818,3633",381885.0,763035.0,1
"1819,3633",382095.0,763035.0,1
"1820,3633",382305.0,763035.0,1
"1821,3633",382515.0,763035.0,1
"1822,3633",382725.0,763035.0,1
"1823,3633",382935.0,763035.0,1
"1824,3633",383145.0,763035.0,1
"1825,3633",383355.0,763035.0,1
"1826,3633",383565.0,763035.0,1
"1827,3633",383775.0,763035.0,1
"1828,3633",383985.0,763035.0,1
"1829,3633",384195.0,763035.0,2
"1830,3633",384405.0,763035.0,2
"1831,3633",384615.0,763035.0,2
"1832,3633",384825.0,763035.0,2
"1833,3633",385035.0,763035.0,2
"1834,3633",385245.0,763035.0,2
"1835,3633",385455.0,763035.0,2
"1836,3633",385665.0,763035.0,2
"1837,3633",385875.0,763035.0,2
"1838,3633",386085.0,763035.0,2
"1839,3633",386295.0,763035.0,2
"1840,3633",386505.0,763035.0,2
"1841,3633",386715.0,763035.0,2
"1842,3633",386925.0,763035.0,3
"1843,3633",387135.0,763035.0,3
"1844,3633",387345.0,763035.0,3
"1845,3633",387555.0,763035.0,3
"1846,3633",387765.0,763035.0,3
"1847,3633",387975.0,763035.0,3
"1848,3633",388185.0,763035.0,3
"1849,3633",388395.0,763035.0,3
"1850,3633",388605.0,763035.0,3
"1851,3633",388815.0,763035.0,4
"1852,3633",389025.0,763035.0,4
"1853,3633",389235.0,763035.0,4
"1854,3633",389445.0,763035.0,5
"1855,3633",389655.0,763035.0,5
"1856,3633",389865.0,763035.0,5
"1857,3633",390075.0,763035.0,5
"1858,3633",390285.0,763035.0,5
"1859,3633",390495.0,763035.0,5
"1860,3633",390705.0,763035.0,5
"1861,3633",390915.0,763035.0,5
"1862,3633",391125.0,763035.0,5
"1863,3633",391335.0,763035.0,5
"1864,3633",391545.0,763035.0,5
"1865,3633",391755.0,763035.0,5
"1866,3633",391965.0,763035.0,5
"1867,3633",392175.0,763035.0,5
"1868,3633",392385.0,763035.0,5
"1869,3633",392595.0,763035.0,5
"1870,3633",392805.0,763035.0,5
"1871,3633",393015.0,763035.0,5
"1872,3633",393225.0,763035.0,5
"1873,3633",393435.0,763035.0,5
"1874,3633",393645.0,763035.0,5
"1805,3634",379155.0,763245.0,1
"1806,3634",379365.0,763245.0,1
"1807,3634",379575.0,763245.0,1
"1808,3634",379785.0,763245.0,1
"1809,3634",379995.0,763245.0,1
"1810,3634",380205.0,763245.0,1
"1811,3634",380415.0,763245.0,1
"1812,3634",380625.0,763245.0,1
"1813,3634",380835.0,763245.0,1
"1814,3634",381045.0,763245.0,1
"1815,3634",381255.0,763245.0,1
"1816,3634",381465.0,763245.0,1
"1817,3634",381675.0,763245.0,1
"1818,3634",381885.0,763245.0,1
"1819,3634",382095.0,763245.0,1
"1820,3634",382305.0,763245.0,1
"1821,3634",382515.0,763245.0,1
"1822,3634",382725.0,763245.0,1
"1823,3634",382935.0,763245.0,1
"1824,3634",383145.0,763245.0,1
"1825,3634",383355.0,763245.0,1
"1826,3634",383565.0,763245.0,1
"1827,3634",383775.0,763245.0,1
"1828,3634",383985.0,763245.0,1
"1829,3634",384195.0,763245.0,2
"1830,3634",384405.0,763245.0,2
"1831,3634",384615.0,763245.0,2
"1832,3634",384825.0,763245.0,2
"1833,3634",385035.0,763245.0,2
"1834,3634",385245.0,763245.0,2
"1835,3634",385455.0,763245.0,2
"1836,3634",385665.0,763245.0,2
"1837,3634",385875.0,763245.0,2
"1838,3634",386085.0,763245.0,2
"1839,3634",386295.0,763245.0,2
"1840,3634",386505.0,763245.0,2
"1841,3634",386715.0,763245.0,2
"1842,3634",386925.0,763245.0,2
"1843,3634",387135.0,763245.0,2
"1844,3634",387345.0,763245.0,3
"1845,3634",387555.0,763245.0,3
"1846,3634",387765.0,763245.0,3
"1847,3634",387975.0,763245.0,3
"1848,3634",388185.0,763245.0,3
"1849,3634",388395.0,763245.0,4
"1850,3634",388605.0,763245.0,4
"1851,3634",388815.0,763245.0,4
"1852,3634",389025.0,763245.0,4
"1853,3634",389235.0,763245.0,4
"1854,3634",389445.0,763245.0,4
"1855,3634",389655.0,763245.0,5
"1856,3634",389865.0,763245.0,5
"1857,3634",390075.0,763245.0,5
"1858,3634",390285.0,763245.0,5
"1859,3634",390495.0,763245.0,5
"1860,3634",390705.0,763245.0,5
"1861,3634",390915.0,763245.0,5
"1862,3634",391125.0,763245.0,5
"1863,3634",391335.0,763245.0,5
"1864,3634",391545.0,763245.0,5
"1865,3634",391755.0,763245.0,5
"1866,3634",391965.0,763245.0,5
"1867,3634",392175.0,763245.0,5
"1868,3634",392385.0,763245.0,5
"1869,3634",392595.0,763245.0,5
"1870,3634",392805.0,763245.0,5
"1871,3634",393015.0,763245.0,5
"1872,3634",393225.0,763245.0,5
"1873,3634",393435.0,763245.0,5
"1874,3634",393645.0,763245.0,5
"1805,3635",379155.0,763455.0,1
"1806,3635",379365.0,763455.0,1
"1807,3635",379575.0,763455.0,1
"1808,3635",379785.0,763455.0,1
"1809,3635",379995.0,763455.0,1
"1810,3635",380205.0,763455.0,1
"1811,3635",380415.0,763455.0,1
"1812,3635",380625.0,763455.0,1
"1813,3635",380835.0,763455.0,1
"1814,3635",381045.0,763455.0,1
"1815,3635",381255.0,763455.0,1
"1816,3635",381465.0,763455.0,1
"1817,3635",381675.0,763455.0,1
"1818,3635",381885.0,763455.0,1
"1819,3635",382095.0,763455.0,1
"1820,3635",382305.0,763455.0,1
"1821,3635",382515.0,763455.0,1
"1822,3635",382725.0,763455.0,1
"1823,3635",382935.0,763455.0,1
"1824,3635",383145.0,763455.0,1
"1825,3635",383355.0,763455.0,1
"1826,3635",383565.0,763455.0,1
"1827,3635",383775.0,763455.0,1
"1828,3635",383985.0,763455.0,2
"1829,3635",384195.0,763455.0,2
"1830,3635",384405.0,763455.0,2
"1831,3635",384615.0,763455.0,2
"1832,3635",384825.0,763455.0,2
"1833,3635",385035.0,763455.0,2
"1834,3635",385245.0,763455.0,2
"1835,3635",385455.0,763455.0,2
"1836,3635",385665.0,763455.0,2
"1837,3635",385875.0,763455.0,2
"1838,3635",386085.0,763455.0,2
"1839,3635",386295.0,763455.0,2
"1840,3635",386505.0,763455.0,2
"1841,3635",386715.0,763455.0,2
"1842,3635",386925.0,763455.0,2
"1843,3635",387135.0,763455.0,2
"1844,3635",387345.0,763455.0,2
"1845,3635",387555.0,763455.0,2
"1846,3635",387765.0,763455.0,4
"1847,3635",387975.0,763455.0,4
"1848,3635",388185.0,763455.0,4
"1849,3635",388395.0,763455.0,4
"1850,3635",388605.0,763455.0,4
"1851,3635",388815.0,763455.0,4
"1852,3635",389025.0,763455.0,4
"1853,3635",389235.0,763455.0,4
"1854,3635",389445.0,763455.0,4
"1855,3635",389655.0,763455.0,4
"1856,3635",389865.0,763455.0,5
"1857,3635",390075.0,763455.0,5
"1858,3635",390285.0,763455.0,5
"1859,3635",390495.0,763455.0,5
"1860,3635",390705.0,763455.0,5
"1861,3635",390915.0,763455.0,5
"1862,3635",391125.0,763455.0,5
"1863,3635",391335.0,763455.0,5
"1864,3635",391545.0,763455.0,5
"1865,3635",391755.0,763455.0,5
"1866,3635",391965.0,763455.0,5
"1867,3635",392175.0,763455.0,5
"1868,3635",392385.0,763455.0,5
"1869,3635",392595.0,763455.0,5
"1870,3635",392805.0,763455.0,5
"1871,3635",393015.0,763455.0,5
"1872,3635",393225.0,763455.0,5
"1873,3635",393435.0,763455.0,5
"1804,3636",378945.0,763665.0,1
"1805,3636",379155.0,763665.0,1
"1806,3636",379365.0,763665.0,1
"1807,3636",379575.0,763665.0,1
"1808,3636",379785.0,763665.0,1
"1809,3636",379995.0,763665.0,1
"1810,3636",380205.0,763665.0,1
"1811,3636",380415.0,763665.0,1
"1812,3636",380625.0,763665.0,1
"1813,3636",380835.0,763665.0,1
"1814,3636",381045.0,763665.0,1
"1815,3636",381255.0,763665.0,1
"1816,3636",381465.0,763665.0,1
"1817,3636",381675.0,763665.0,1
"1818,3636",381885.0,763665.0,1
"1819,3636",382095.0,763665.0,1
"1820,3636",382305.0,763665.0,1
"1821,3636",382515.0,763665.0,1
"1822,3636",382725.0,763665.0,1
"1823,3636",382935.0,763665.0,1
"1824,3636",383145.0,763665.0,1
"1825,3636",383355.0,763665.0,1
"1826,3636",383565.0,763665.0,1
"1827,3636",383775.0,763665.0,2
"1828,3636",383985.0,763665.0,2
"1829,3636",384195.0,763665.0,2
"1830,3636",384405.0,763665.0,2
"1831,3636",384615.0,763665.0,2
"1832,3636",384825.0,763665.0,2
"1833,3636",385035.0,763665.0,2
"1834,3636",385245.0,763665.0,2
"1835,3636",385455.0,763665.0,2
"1836,3636",385665.0,763665.0,2
"1837,3636",385875.0,763665.0,2
"1838,3636",386085.0,763665.0,2
"1839,3636",386295.0,763665.0,2
"1840,3636",386505.0,763665.0,2
"1841,3636",386715.0,763665.0,2
"1842,3636",386925.0,763665.0,2
"1843,3636",387135.0,763665.0,2
"1844,3636",387345.0,763665.0,2
"1845,3636",387555.0,763665.0,2
"1846,3636",387765.0,763665.0,4
"1847,3636",387975.0,763665.0,4
"1848,3636",388185.0,763665.0,4
"1849,3636",388395.0,763665.0,4
"1850,3636",388605.0,763665.0,4
"1851,3636",388815.0,763665.0,4
"1852,3636",389025.0,763665.0,4
"1853,3636",389235.0,763665.0,4
"1854,3636",389445.0,763665.0,4
"1855,3636",389655.0,763665.0,4
"1856,3636",389865.0,763665.0,4
"1857,3636",390075.0,763665.0,5
"1858,3636",390285.0,763665.0,5
"1859,3636",390495.0,763665.0,5
"1860,3636",390705.0,763665.0,5
"1861,3636",390915.0,763665.0,5
"1862,3636",391125.0,763665.0,5
"1863,3636",391335.0,763665.0,5
"1864,3636",391545.0,763665.0,5
"1865,3636",391755.0,763665.0,5
"1866,3636",391965.0,763665.0,5
"1867,3636",392175.0,763665.0,5
"1868,3636",392385.0,763665.0,5
"1869,3636",392595.0,763665.0,5
"1870,3636",392805.0,763665.0,5
"1871,3636",393015.0,763665.0,5
"1872,3636",393225.0,763665.0,5
"1873,3636",393435.0,763665.0,5
"1874,3636",393645.0,763665.0,5
"1804,3637",378945.0,763875.0,1
"1805,3637",379155.0,763875.0,1
"1806,3637",379365.0,763875.0,1
"1807,3637",379575.0,763875.0,1
"1808,3637",379785.0,763875.0,1
"1809,3637",379995.0,763875.0,1
"1810,3637",380205.0,763875.0,1
"1811,3637",380415.0,763875.0,1
"1812,3637",380625.0,763875.0,1
"1813,3637",380835.0,763875.0,1
"1814,3637",381045.0,763875.0,1
"1815,3637",381255.0,763875.0,1
"1816,3637",381465.0,763875.0,1
"1817,3637",381675.0,763875.0,1
"1818,3637",381885.0,763875.0,1
"1819,3637",382095.0,763875.0,1
"1820,3637",382305.0,763875.0,1
"1821,3637",382515.0,763875.0,1
"1822,3637",382725.0,763875.0,1
"1823,3637",382935.0,763875.0,1
"1824,3637",383145.0,763875.0,1
"1825,3637",383355.0,763875.0,1
"1826,3637",383565.0,763875.0,1
"1827,3637",383775.0,763875.0,2
"1828,3637",383985.0,763875.0,2
"1829,3637",384195.0,763875.0,2
"1830,3637",384405.0,763875.0,2
"1831,3637",384615.0,763875.0,2
"1832,3637",384825.0,763875.0,2
"1833,3637",385035.0,763875.0,2
"1834,3637",385245.0,763875.0,2
"1835,3637",385455.0,763875.0,2
"1836,3637",385665.0,763875.0,2
"1837,3637",385875.0,763875.0,2
"1838,3637",386085.0,763875.0,2
"1839,3637",386295.0,763875.0,2
"1840,3637",386505.0,763875.0,2
"1841,3637",386715.0,763875.0,2
"1842,3637",386925.0,763875.0,2
"1843,3637",387135.0,763875.0,2
"1844,3637",387345.0,763875.0,2
"1845,3637",387555.0,763875.0,2
"1846,3637",387765.0,763875.0,4
"1847,3637",387975.0,763875.0,4
"1848,3637",388185.0,763875.0,4
"1849,3637",388395.0,763875.0,4
"1850,3637",388605.0,763875.0,4
"1851,3637",388815.0,763875.0,4
"1852,3637",389025.0,763875.0,4
"1853,3637",389235.0,763875.0,4
"1854,3637",389445.0,763875.0,4
"1855,3637",389655.0,763875.0,4
"1856,3637",389865.0,763875.0,4
"1857,3637",390075.0,763875.0,4
"1858,3637",390285.0,763875.0,5
"1859,3637",390495.0,763875.0,5
"1860,3637",390705.0,763875.0,5
"1861,3637",390915.0,763875.0,5
"1862,3637",391125.0,763875.0,5
"1863,3637",391335.0,763875.0,5
"1864,3637",391545.0,763875.0,5
"1865,3637",391755.0,763875.0,5
"1866,3637",391965.0,763875.0,5
"1867,3637",392175.0,763875.0,5
"1868,3637",392385.0,763875.0,5
"1869,3637",392595.0,763875.0,5
"1870,3637",392805.0,763875.0,5
"1871,3637",393015.0,763875.0,5
"1872,3637",393225.0,763875.0,5
"1873,3637",393435.0,763875.0,5
"1874,3637",393645.0,763875.0,5
"1803,3638",378735.0,764085.0,1
"1804,3638",378945.0,764085.0,1
"1805,3638",379155.0,764085.0,1
"1806,3638",379365.0,764085.0,1
"1807,3638",379575.0,764085.0,1
"1808,3638",379785.0,764085.0,1
"1809,3638",379995.0,764085.0,1
"1810,3638",380205.0,764085.0,1
"1811,3638",380415.0,764085.0,1
"1812,3638",380625.0,764085.0,1
"1813,3638",380835.0,764085.0,1
"1814,3638",381045.0,764085.0,1
"1815,3638",381255.0,764085.0,1
"1816,3638",381465.0,764085.0,1
"1817,3638",381675.0,764085.0,1
"1818,3638",381885.0,764085.0,1
"1819,3638",382095.0,764085.0,1
"1820,3638",382305.0,764085.0,1
"1821,3638",382515.0,764085.0,1
"1822,3638",382725.0,764085.0,1
"1823,3638",382935.0,764085.0,1
"1824,3638",383145.0,764085.0,1
"1825,3638",383355.0,764085.0,1
"1826,3638",383565.0,764085.0,2
"1827,3638",383775.0,764085.0,2
"1828,3638",383985.0,764085.0,2
"1829,3638",384195.0,764085.0,2
"1830,3638",384405.0,764085.0,2
"1831,3638",384615.0,764085.0,2
"1832,3638",384825.0,764085.0,2
"1833,3638",385035.0,764085.0,2
"1834,3638",385245.0,764085.0,2
"1835,3638",385455.0,764085.0,2
"1836,3638",385665.0,764085.0,2
"1837,3638",385875.0,764085.0,2
"1838,3638",386085.0,764085.0,2
"1839,3638",386295.0,764085.0,2
"1840,3638",386505.0,764085.0,2
"1841,3638",386715.0,764085.0,2
"1842,3638",386925.0,764085.0,2
"1843,3638",387135.0,764085.0,2
"1844,3638",387345.0,764085.0,2
"1845,3638",387555.0,764085.0,4
"1846,3638",387765.0,764085.0,4
"1847,3638",387975.0,764085.0,4
"1848,3638",388185.0,764085.0,4
"1849,3638",388395.0,764085.0,4
"1850,3638",388605.0,764085.0,4
"1851,3638",388815.0,764085.0,4
"1852,3638",389025.0,764085.0,4
"1853,3638",389235.0,764085.0,4
"1854,3638",389445.0,764085.0,4
"1855,3638",389655.0,764085.0,4
"1856,3638",389865.0,764085.0,4
"1857,3638",390075.0,764085.0,4
"1858,3638",390285.0,764085.0,4
"1859,3638",390495.0,764085.0,5
"1860,3638",390705.0,764085.0,5
"1861,3638",390915.0,764085.0,5
"1862,3638",391125.0,764085.0,5
"1863,3638",391335.0,764085.0,5
"1864,3638",391545.0,764085.0,5
"1865,3638",391755.0,764085.0,5
"1866,3638",391965.0,764085.0,5
"1867,3638",392175.0,764085.0,5
"1868,3638",392385.0,764085.0,5
"1869,3638",392595.0,764085.0,5
"1870,3638",392805.0,764085.0,5
"1871,3638",393015.0,764085.0,5
"1872,3638",393225.0,764085.0,5
"1873,3638",393435.0,764085.0,5
"1874,3638",393645.0,764085.0,5
"1876,3638",394065.0,764085.0,5
"1877,3638",394275.0,764085.0,5
"1802,3639",378525.0,764295.0,1
"1803,3639",378735.0,764295.0,1
"1804,3639",378945.0,764295.0,1
"1805,3639",379155.0,764295.0,1
"1806,3639",379365.0,764295.0,1
"1807,3639",379575.0,764295.0,1
"1808,3639",379785.0,764295.0,1
"1809,3639",379995.0,764295.0,1
"1810,3639",380205.0,764295.0,1
"1811,3639",380415.0,764295.0,1
"1812,3639",380625.0,764295.0,1
"1813,3639",380835.0,764295.0,1
"1814,3639",381045.0,764295.0,1
"1815,3639",381255.0,764295.0,1
"1816,3639",381465.0,764295.0,1
"1817,3639",381675.0,764295.0,1
"1818,3639",381885.0,764295.0,1
"1819,3639",382095.0,764295.0,1
"1820,3639",382305.0,764295.0,1
"1821,3639",382515.0,764295.0,1
"1822,3639",382725.0,764295.0,1
"1823,3639",382935.0,764295.0,1
"1824,3639",383145.0,764295.0,1
"1825,3639",383355.0,764295.0,2
"1826,3639",383565.0,764295.0,2
"1827,3639",383775.0,764295.0,2
"1828,3639",383985.0,764295.0,2
"1829,3639",384195.0,764295.0,2
"1830,3639",384405.0,764295.0,2
"1831,3639",384615.0,764295.0,2
"1832,3639",384825.0,764295.0,2
"1833,3639",385035.0,764295.0,2
"1834,3639",385245.0,764295.0,2
"1835,3639",385455.0,764295.0,2
"1836,3639",385665.0,764295.0,2
"1837,3639",385875.0,764295.0,2
"1838,3639",386085.0,764295.0,2
"1839,3639",386295.0,764295.0,2
"1840,3639",386505.0,764295.0,2
"1841,3639",386715.0,764295.0,2
"1842,3639",386925.0,764295.0,2
"1843,3639",387135.0,764295.0,2
"1844,3639",387345.0,764295.0,2
"1845,3639",387555.0,764295.0,4
"1846,3639",387765.0,764295.0,4
"1847,3639",387975.0,764295.0,4
"1848,3639",388185.0,764295.0,4
"1849,3639",388395.0,764295.0,4
"1850,3639",388605.0,764295.0,4
"1851,3639",388815.0,764295.0,4
"1852,3639",389025.0,764295.0,4
"1853,3639",389235.0,764295.0,4
"1854,3639",389445.0,764295.0,4
"1855,3639",389655.0,764295.0,4
"1856,3639",389865.0,764295.0,4
"1857,3639",390075.0,764295.0,4
"1858,3639",390285.0,764295.0,4
"1859,3639",390495.0,764295.0,4
"1860,3639",390705.0,764295.0,5
"1861,3639",390915.0,764295.0,5
"1862,3639",391125.0,764295.0,5
"1863,3639",391335.0,764295.0,5
"1864,3639",391545.0,764295.0,5
"1865,3639",391755.0,764295.0,5
"1866,3639",391965.0,764295.0,5
"1867,3639",392175.0,764295.0,5
"1868,3639",392385.0,764295.0,5
"1869,3639",392595.0,764295.0,5
"1870,3639",392805.0,764295.0,5
"1871,3639",393015.0,764295.0,5
"1872,3639",393225.0,764295.0,5
"1873,3639",393435.0,764295.0,5
"1874,3639",393645.0,764295.0,5
"1875,3639",393855.0,764295.0,5
"1876,3639",394065.0,764295.0,5
"1877,3639",394275.0,764295.0,5
"1878,3639",394485.0,764295.0,5
"1803,3640",378735.0,764505.0,1
"1804,3640",378945.0,764505.0,1
"1805,3640",379155.0,764505.0,1
"1806,3640",379365.0,764505.0,1
"1807,3640",379575.0,764505.0,1
"1808,3640",379785.0,764505.0,1
"1809,3640",379995.0,764505.0,1
"1810,3640",380205.0,764505.0,1
"1811,3640",380415.0,764505.0,1
"1812,3640",380625.0,764505.0,1
"1813,3640",380835.0,764505.0,1
"1814,3640",381045.0,764505.0,1
"1815,3640",381255.0,764505.0,1
"1816,3640",381465.0,764505.0,1
"1817,3640",381675.0,764505.0,1
"1818,3640",381885.0,764505.0,1
"1819,3640",382095.0,764505.0,1
"1820,3640",382305.0,764505.0,1
"1821,3640",382515.0,764505.0,1
"1822,3640",382725.0,764505.0,1
"1823,3640",382935.0,764505.0,1
"1824,3640",383145.0,764505.0,1
"1825,3640",383355.0,764505.0,2
"1826,3640",383565.0,764505.0,2
"1827,3640",383775.0,764505.0,2
"1828,3640",383985.0,764505.0,2
"1829,3640",384195.0,764505.0,2
"1830,3640",384405.0,764505.0,2
"1831,3640",384615.0,764505.0,2
"1832,3640",384825.0,764505.0,2
"1833,3640",385035.0,764505.0,2
"1834,3640",385245.0,764505.0,2
"1835,3640",385455.0,764505.0,2
"1836,3640",385665.0,764505.0,2
"1837,3640",385875.0,764505.0,2
"1838,3640",386085.0,764505.0,2
"1839,3640",386295.0,764505.0,2
"1840,3640",386505.0,764505.0,2
"1841,3640",386715.0,764505.0,2
"1842,3640",386925.0,764505.0,2
"1843,3640",387135.0,764505.0,2
"1844,3640",387345.0,764505.0,2
"1845,3640",387555.0,764505.0,4
"1846,3640",387765.0,764505.0,4
"1847,3640",387975.0,764505.0,4
"1848,3640",388185.0,764505.0,4
"1849,3640",388395.0,764505.0,4
"1850,3640",388605.0,764505.0,4
"1851,3640",388815.0,764505.0,4
"1852,3640",389025.0,764505.0,4
"1853,3640",389235.0,764505.0,4
"1854,3640",389445.0,764505.0,4
"1855,3640",389655.0,764505.0,4
"1856,3640",389865.0,764505.0,4
"1857,3640",390075.0,764505.0,4
"1858,3640",390285.0,764505.0,4
"1859,3640",390495.0,764505.0,4
"1860,3640",390705.0,764505.0,4
"1861,3640",390915.0,764505.0,5
"1862,3640",391125.0,764505.0,5
"1863,3640",391335.0,764505.0,5
"1864,3640",391545.0,764505.0,5
"1865,3640",391755.0,764505.0,5
"1866,3640",391965.0,764505.0,5
"1867,3640",392175.0,764505.0,5
"1868,3640",392385.0,764505.0,5
"1869,3640",392595.0,764505.0,5
"1870,3640",392805.0,764505.0,5
"1871,3640",393015.0,764505.0,5
"1872,3640",393225.0,764505.0,5
"1873,3640",393435.0,764505.0,5
"1874,3640",393645.0,764505.0,5
"1875,3640",393855.0,764505.0,5
"1876,3640",394065.0,764505.0,5
"1877,3640",394275.0,764505.0,5
"1878,3640",394485.0,764505.0,5
"1805,3641",379155.0,764715.0,1
"1806,3641",379365.0,764715.0,1
"1807,3641",379575.0,764715.0,1
"1808,3641",379785.0,764715.0,1
"1809,3641",379995.0,764715.0,1
"1810,3641",380205.0,764715.0,1
"1811,3641",380415.0,764715.0,1
"1812,3641",380625.0,764715.0,1
"1813,3641",380835.0,764715.0,1
"1814,3641",381045.0,764715.0,1
"1815,3641",381255.0,764715.0,1
"1816,3641",381465.0,764715.0,1
"1817,3641",381675.0,764715.0,1
"1818,3641",381885.0,764715.0,1
"1819,3641",382095.0,764715.0,1
"1820,3641",382305.0,764715.0,1
"1821,3641",382515.0,764715.0,1
"1822,3641",382725.0,764715.0,1
"1823,3641",382935.0,764715.0,1
"1824,3641",383145.0,764715.0,2
"1825,3641",383355.0,764715.0,2
"1826,3641",383565.0,764715.0,2
"1827,3641",383775.0,764715.0,2
"1828,3641",383985.0,764715.0,2
"1829,3641",384195.0,764715.0,2
"1830,3641",384405.0,764715.0,2
"1831,3641",384615.0,764715.0,2
"1832,3641",384825.0,764715.0,2
"1833,3641",385035.0,764715.0,2
"1834,3641",385245.0,764715.0,2
"1835,3641",385455.0,764715.0,2
"1836,3641",385665.0,764715.0,2
"1837,3641",385875.0,764715.0,2
"1838,3641",386085.0,764715.0,2
"1839,3641",386295.0,764715.0,2
"1840,3641",386505.0,764715.0,2
"1841,3641",386715.0,764715.0,2
"1842,3641",386925.0,764715.0,2
"1843,3641",387135.0,764715.0,2
"1844,3641",387345.0,764715.0,2
"1845,3641",387555.0,764715.0,4
"1846,3641",387765.0,764715.0,4
"1847,3641",387975.0,764715.0,4
"1848,3641",388185.0,764715.0,4
"1849,3641",388395.0,764715.0,4
"1850,3641",388605.0,764715.0,4
"1851,3641",388815.0,764715.0,4
"1852,3641",389025.0,764715.0,4
"1853,3641",389235.0,764715.0,4
"1854,3641",389445.0,764715.0,4
"1855,3641",389655.0,764715.0,4
"1856,3641",389865.0,764715.0,4
"1857,3641",390075.0,764715.0,4
"1858,3641",390285.0,764715.0,4
"1859,3641",390495.0,764715.0,4
"1860,3641",390705.0,764715.0,4
"1861,3641",390915.0,764715.0,4
"1862,3641",391125.0,764715.0,5
"1863,3641",391335.0,764715.0,5
"1864,3641",391545.0,764715.0,5
"1865,3641",391755.0,764715.0,5
"1866,3641",391965.0,764715.0,5
"1867,3641",392175.0,764715.0,5
"1868,3641",392385.0,764715.0,5
"1869,3641",392595.0,764715.0,5
"1870,3641",392805.0,764715.0,5
"1871,3641",393015.0,764715.0,5
"1872,3641",393225.0,764715.0,5
"1873,3641",393435.0,764715.0,5
"1874,3641",393645.0,764715.0,5
"1875,3641",393855.0,764715.0,5
"1876,3641",394065.0,764715.0,5
"1877,3641",394275.0,764715.0,5
"1809,3642",379995.0,764925.0,1
"1810,3642",380205.0,764925.0,1
"1811,3642",380415.0,764925.0,1
"1812,3642",380625.0,764925.0,1
"1813,3642",380835.0,764925.0,1
"1814,3642",381045.0,764925.0,1
"1815,3642",381255.0,764925.0,1
"1816,3642",381465.0,764925.0,1
"1817,3642",381675.0,764925.0,1
"1818,3642",381885.0,764925.0,1
"1819,3642",382095.0,764925.0,1
"1822,3642",382725.0,764925.0,1
"1823,3642",382935.0,764925.0,1
"1824,3642",383145.0,764925.0,2
"1825,3642",383355.0,764925.0,2
"1826,3642",383565.0,764925.0,2
"1827,3642",383775.0,764925.0,2
"1828,3642",383985.0,764925.0,2
"1829,3642",384195.0,764925.0,2
"1830,3642",384405.0,764925.0,2
"1831,3642",384615.0,764925.0,2
"1832,3642",384825.0,764925.0,2
"1833,3642",385035.0,764925.0,2
"1834,3642",385245.0,764925.0,2
"1835,3642",385455.0,764925.0,2
"1836,3642",385665.0,764925.0,2
"1837,3642",385875.0,764925.0,2
"1838,3642",386085.0,764925.0,2
"1839,3642",386295.0,764925.0,2
"1840,3642",386505.0,764925.0,2
"1841,3642",386715.0,764925.0,2
"1842,3642",386925.0,764925.0,2
"1843,3642",387135.0,764925.0,2
"1844,3642",387345.0,764925.0,2
"1845,3642",387555.0,764925.0,4
"1846,3642",387765.0,764925.0,4
"1847,3642",387975.0,764925.0,4
"1848,3642",388185.0,764925.0,4
"1849,3642",388395.0,764925.0,4
"1850,3642",388605.0,764925.0,4
"1851,3642",388815.0,764925.0,4
"1852,3642",389025.0,764925.0,4
"1853,3642",389235.0,764925.0,4
"1854,3642",389445.0,764925.0,4
"1855,3642",389655.0,764925.0,4
"1856,3642",389865.0,764925.0,4
"1857,3642",390075.0,764925.0,4
"1858,3642",390285.0,764925.0,4
"1859,3642",390495.0,764925.0,4
"1860,3642",390705.0,764925.0,4
"1861,3642",390915.0,764925.0,4
"1862,3642",391125.0,764925.0,4
"1863,3642",391335.0,764925.0,5
"1864,3642",391545.0,764925.0,5
"1865,3642",391755.0,764925.0,5
"1866,3642",391965.0,764925.0,5
"1867,3642",392175.0,764925.0,5
"1868,3642",392385.0,764925.0,5
"1869,3642",392595.0,764925.0,5
"1870,3642",392805.0,764925.0,5
"1871,3642",393015.0,764925.0,5
"1872,3642",393225.0,764925.0,5
"1873,3642",393435.0,764925.0,5
"1874,3642",393645.0,764925.0,5
"1875,3642",393855.0,764925.0,5
"1876,3642",394065.0,764925.0,5
"1810,3643",380205.0,765135.0,1
"1811,3643",380415.0,765135.0,1
"1812,3643",380625.0,765135.0,1
"1813,3643",380835.0,765135.0,1
"1814,3643",381045.0,765135.0,1
"1815,3643",381255.0,765135.0,1
"1816,3643",381465.0,765135.0,1
"1817,3643",381675.0,765135.0,1
"1818,3643",381885.0,765135.0,1
"1819,3643",382095.0,765135.0,1
"1822,3643",382725.0,765135.0,1
"1823,3643",382935.0,765135.0,2
"1824,3643",383145.0,765135.0,2
"1825,3643",383355.0,765135.0,2
"1826,3643",383565.0,765135.0,2
"1827,3643",383775.0,765135.0,2
"1828,3643",383985.0,765135.0,2
"1829,3643",384195.0,765135.0,2
"1830,3643",384405.0,765135.0,2
"1831,3643",384615.0,765135.0,2
"1832,3643",384825.0,765135.0,2
"1833,3643",385035.0,765135.0,2
"1834,3643",385245.0,765135.0,2
"1835,3643",385455.0,765135.0,2
"1836,3643",385665.0,765135.0,2
"1837,3643",385875.0,765135.0,2
"1838,3643",386085.0,765135.0,2
"1839,3643",386295.0,765135.0,2
"1840,3643",386505.0,765135.0,2
"1841,3643",386715.0,765135.0,2
"1842,3643",386925.0,765135.0,2
"1843,3643",387135.0,765135.0,2
"1844,3643",387345.0,765135.0,2
"1845,3643",387555.0,765135.0,4
"1846,3643",387765.0,765135.0,4
"1847,3643",387975.0,765135.0,4
"1848,3643",388185.0,765135.0,4
"1849,3643",388395.0,765135.0,4
"1850,3643",388605.0,765135.0,4
"1851,3643",388815.0,765135.0,4
"1852,3643",389025.0,765135.0,4
"1853,3643",389235.0,765135.0,4
"1854,3643",389445.0,765135.0,4
"1855,3643",389655.0,765135.0,4
"1856,3643",389865.0,765135.0,4
"1857,3643",390075.0,765135.0,4
"1858,3643",390285.0,765135.0,4
"1859,3643",390495.0,765135.0,4
"1860,3643",390705.0,765135.0,4
"1861,3643",390915.0,765135.0,4
"1862,3643",391125.0,765135.0,4
"1863,3643",391335.0,765135.0,4
"1864,3643",391545.0,765135.0,5
"1865,3643",391755.0,765135.0,5
"1866,3643",391965.0,765135.0,5
"1867,3643",392175.0,765135.0,5
"1868,3643",392385.0,765135.0,5
"1869,3643",392595.0,765135.0,5
"1870,3643",392805.0,765135.0,5
"1871,3643",393015.0,765135.0,5
"1872,3643",393225.0,765135.0,5
"1873,3643",393435.0,765135.0,5
"1874,3643",393645.0,765135.0,5
"1811,3644",380415.0,765345.0,1
"1812,3644",380625.0,765345.0,1
"1813,3644",380835.0,765345.0,1
"1814,3644",381045.0,765345.0,1
"1815,3644",381255.0,765345.0,1
"1816,3644",381465.0,765345.0,1
"1817,3644",381675.0,765345.0,1
"1823,3644",382935.0,765345.0,2
"1824,3644",383145.0,765345.0,2
"1825,3644",383355.0,765345.0,2
"1826,3644",383565.0,765345.0,2
"1827,3644",383775.0,765345.0,2
"1828,3644",383985.0,765345.0,2
"1829,3644",384195.0,765345.0,2
"1830,3644",384405.0,765345.0,2
"1831,3644",384615.0,765345.0,2
"1832,3644",384825.0,765345.0,2
"1833,3644",385035.0,765345.0,2
"1834,3644",385245.0,765345.0,2
"1835,3644",385455.0,765345.0,2
"1836,3644",385665.0,765345.0,2
"1837,3644",385875.0,765345.0,2
"1838,3644",386085.0,765345.0,2
"1839,3644",386295.0,765345.0,2
"1840,3644",386505.0,765345.0,2
"1841,3644",386715.0,765345.0,2
"1842,3644",386925.0,765345.0,2
"1843,3644",387135.0,765345.0,2
"1844,3644",387345.0,765345.0,4
"1845,3644",387555.0,765345.0,4
"1846,3644",387765.0,765345.0,4
"1847,3644",387975.0,765345.0,4
"1848,3644",388185.0,765345.0,4
"1849,3644",388395.0,765345.0,4
"1850,3644",388605.0,765345.0,4
"1851,3644",388815.0,765345.0,4
"1852,3644",389025.0,765345.0,4
"1853,3644",389235.0,765345.0,4
"1854,3644",389445.0,765345.0,4
"1855,3644",389655.0,765345.0,4
"1856,3644",389865.0,765345.0,4
"1857,3644",390075.0,765345.0,4
"1858,3644",390285.0,765345.0,4
"1859,3644",390495.0,765345.0,4
"1860,3644",390705.0,765345.0,4
"1861,3644",390915.0,765345.0,4
"1862,3644",391125.0,765345.0,4
"1863,3644",391335.0,765345.0,4
"1864,3644",391545.0,765345.0,4
"1865,3644",391755.0,765345.0,5
"1866,3644",391965.0,765345.0,5
"1867,3644",392175.0,765345.0,5
"1868,3644",392385.0,765345.0,5
"1869,3644",392595.0,765345.0,5
"1870,3644",392805.0,765345.0,5
"1871,3644",393015.0,765345.0,5
"1872,3644",393225.0,765345.0,5
"1823,3645",382935.0,765555.0,2
"1824,3645",383145.0,765555.0,2
"1825,3645",383355.0,765555.0,2
"1826,3645",383565.0,765555.0,2
"1827,3645",383775.0,765555.0,2
"1828,3645",383985.0,765555.0,2
"1830,3645",384405.0,765555.0,2
"1831,3645",384615.0,765555.0,2
"1832,3645",384825.0,765555.0,2
"1833,3645",385035.0,765555.0,2
"1834,3645",385245.0,765555.0,2
"1835,3645",385455.0,765555.0,2
"1836,3645",385665.0,765555.0,2
"1837,3645",385875.0,765555.0,2
"1838,3645",386085.0,765555.0,2
"1839,3645",386295.0,765555.0,2
"1840,3645",386505.0,765555.0,2
"1841,3645",386715.0,765555.0,2
"1842,3645",386925.0,765555.0,2
"1843,3645",387135.0,765555.0,2
"1844,3645",387345.0,765555.0,4
"1845,3645",387555.0,765555.0,4
"1846,3645",387765.0,765555.0,4
"1847,3645",387975.0,765555.0,4
"1848,3645",388185.0,765555.0,4
"1849,3645",388395.0,765555.0,4
"1850,3645",388605.0,765555.0,4
"1851,3645",388815.0,765555.0,4
"1852,3645",389025.0,765555.0,4
"1853,3645",389235.0,765555.0,4
"1854,3645",389445.0,765555.0,4
"1855,3645",389655.0,765555.0,4
"1856,3645",389865.0,765555.0,4
"1857,3645",390075.0,765555.0,4
"1858,3645",390285.0,765555.0,4
"1859,3645",390495.0,765555.0,4
"1860,3645",390705.0,765555.0,4
"1861,3645",390915.0,765555.0,4
"1862,3645",391125.0,765555.0,4
"1863,3645",391335.0,765555.0,4
"1864,3645",391545.0,765555.0,4
"1865,3645",391755.0,765555.0,4
"1866,3645",391965.0,765555.0,5
"1867,3645",392175.0,765555.0,5
"1868,3645",392385.0,765555.0,5
"1869,3645",392595.0,765555.0,5
"1870,3645",392805.0,765555.0,5
"1823,3646",382935.0,765765.0,2
"1824,3646",383145.0,765765.0,2
"1825,3646",383355.0,765765.0,2
"1826,3646",383565.0,765765.0,2
"1827,3646",383775.0,765765.0,2
"1828,3646",383985.0,765765.0,2
"1830,3646",384405.0,765765.0,2
"1831,3646",384615.0,765765.0,2
"1832,3646",384825.0,765765.0,2
"1833,3646",385035.0,765765.0,2
"1834,3646",385245.0,765765.0,2
"1835,3646",385455.0,765765.0,2
"1836,3646",385665.0,765765.0,2
"1837,3646",385875.0,765765.0,2
"1838,3646",386085.0,765765.0,2
"1839,3646",386295.0,765765.0,2
"1840,3646",386505.0,765765.0,2
"1841,3646",386715.0,765765.0,2
"1842,3646",386925.0,765765.0,2
"1843,3646",387135.0,765765.0,2
"1844,3646",387345.0,765765.0,4
"1845,3646",387555.0,765765.0,4
"1846,3646",387765.0,765765.0,4
"1847,3646",387975.0,765765.0,4
"1848,3646",388185.0,765765.0,4
"1849,3646",388395.0,765765.0,4
"1850,3646",388605.0,765765.0,4
"1851,3646",388815.0,765765.0,4
"1852,3646",389025.0,765765.0,4
"1853,3646",389235.0,765765.0,4
"1854,3646",389445.0,765765.0,4
"1855,3646",389655.0,765765.0,4
"1856,3646",389865.0,765765.0,4
"1857,3646",390075.0,765765.0,4
"1858,3646",390285.0,765765.0,4
"1859,3646",390495.0,765765.0,4
"1860,3646",390705.0,765765.0,4
"1861,3646",390915.0,765765.0,4
"1862,3646",391125.0,765765.0,4
"1863,3646",391335.0,765765.0,4
"1864,3646",391545.0,765765.0,4
"1865,3646",391755.0,765765.0,4
"1823,3647",382935.0,765975.0,2
"1824,3647",383145.0,765975.0,2
"1825,3647",383355.0,765975.0,2
"1826,3647",383565.0,765975.0,2
"1827,3647",383775.0,765975.0,2
"1830,3647",384405.0,765975.0,2
"1831,3647",384615.0,765975.0,2
"1832,3647",384825.0,765975.0,2
"1833,3647",385035.0,765975.0,2
"1834,3647",385245.0,765975.0,2
"1835,3647",385455.0,765975.0,2
"1836,3647",385665.0,765975.0,2
"1837,3647",385875.0,765975.0,2
"1838,3647",386085.0,765975.0,2
"1839,3647",386295.0,765975.0,2
"1840,3647",386505.0,765975.0,2
"1841,3647",386715.0,765975.0,2
"1842,3647",386925.0,765975.0,2
"1843,3647",387135.0,765975.0,2
"1844,3647",387345.0,765975.0,4
"1845,3647",387555.0,765975.0,4
"1846,3647",387765.0,765975.0,4
"1847,3647",387975.0,765975.0,4
"1848,3647",388185.0,765975.0,4
"1849,3647",388395.0,765975.0,4
"1850,3647",388605.0,765975.0,4
"1851,3647",388815.0,765975.0,4
"1852,3647",389025.0,765975.0,4
"1853,3647",389235.0,765975.0,4
"1854,3647",389445.0,765975.0,4
"1855,3647",389655.0,765975.0,4
"1856,3647",389865.0,765975.0,4
"1857,3647",390075.0,765975.0,4
"1858,3647",390285.0,765975.0,4
"1859,3647",390495.0,765975.0,4
"1860,3647",390705.0,765975.0,4
"1861,3647",390915.0,765975.0,4
"1862,3647",391125.0,765975.0,4
"1863,3647",391335.0,765975.0,4
"1864,3647",391545.0,765975.0,4
"1828,3648",383985.0,766185.0,2
"1829,3648",384195.0,766185.0,2
"1830,3648",384405.0,766185.0,2
"1831,3648",384615.0,766185.0,2
"1832,3648",384825.0,766185.0,2
"1833,3648",385035.0,766185.0,2
"1834,3648",385245.0,766185.0,2
"1835,3648",385455.0,766185.0,2
"1836,3648",385665.0,766185.0,2
"1837,3648",385875.0,766185.0,2
"1838,3648",386085.0,766185.0,2
"1839,3648",386295.0,766185.0,2
"1840,3648",386505.0,766185.0,2
"1841,3648",386715.0,766185.0,2
"1842,3648",386925.0,766185.0,2
"1843,3648",387135.0,766185.0,2
"1844,3648",387345.0,766185.0,4
"1845,3648",387555.0,766185.0,4
"1846,3648",387765.0,766185.0,4
"1847,3648",387975.0,766185.0,4
"1848,3648",388185.0,766185.0,4
"1849,3648",388395.0,766185.0,4
"1850,3648",388605.0,766185.0,4
"1851,3648",388815.0,766185.0,4
"1852,3648",389025.0,766185.0,4
"1853,3648",389235.0,766185.0,4
"1854,3648",389445.0,766185.0,4
"1855,3648",389655.0,766185.0,4
"1856,3648",389865.0,766185.0,4
"1857,3648",390075.0,766185.0,4
"1858,3648",390285.0,766185.0,4
"1859,3648",390495.0,766185.0,4
"1860,3648",390705.0,766185.0,4
"1861,3648",390915.0,766185.0,4
"1862,3648",391125.0,766185.0,4
"1863,3648",391335.0,766185.0,4
"1864,3648",391545.0,766185.0,4
"1827,3649",383775.0,766395.0,2
"1828,3649",383985.0,766395.0,2
"1829,3649",384195.0,766395.0,2
"1830,3649",384405.0,766395.0,2
"1831,3649",384615.0,766395.0,2
"1832,3649",384825.0,766395.0,2
"1833,3649",385035.0,766395.0,2
"1834,3649",385245.0,766395.0,2
"1835,3649",385455.0,766395.0,2
"1836,3649",385665.0,766395.0,2
"1837,3649",385875.0,766395.0,2
"1838,3649",386085.0,766395.0,2
"1839,3649",386295.0,766395.0,2
"1840,3649",386505.0,766395.0,2
"1841,3649",386715.0,766395.0,2
"1842,3649",386925.0,766395.0,2
"1843,3649",387135.0,766395.0,2
"1844,3649",387345.0,766395.0,4
"1845,3649",387555.0,766395.0,4
"1846,3649",387765.0,766395.0,4
"1847,3649",387975.0,766395.0,4
"1848,3649",388185.0,766395.0,4
"1849,3649",388395.0,766395.0,4
"1850,3649",388605.0,766395.0,4
"1851,3649",388815.0,766395.0,4
"1852,3649",389025.0,766395.0,4
"1853,3649",389235.0,766395.0,4
"1854,3649",389445.0,766395.0,4
"1855,3649",389655.0,766395.0,4
"1856,3649",389865.0,766395.0,4
"1857,3649",390075.0,766395.0,4
"1858,3649",390285.0,766395.0,4
"1859,3649",390495.0,766395.0,4
"1860,3649",390705.0,766395.0,4
"1861,3649",390915.0,766395.0,4
"1862,3649",391125.0,766395.0,4
"1863,3649",391335.0,766395.0,4
"1864,3649",391545.0,766395.0,4
"1827,3650",383775.0,766605.0,2
"1828,3650",383985.0,766605.0,2
"1829,3650",384195.0,766605.0,2
"1830,3650",384405.0,766605.0,2
"1831,3650",384615.0,766605.0,2
"1832,3650",384825.0,766605.0,2
"1833,3650",385035.0,766605.0,2
"1834,3650",385245.0,766605.0,2
"1835,3650",385455.0,766605.0,2
"1836,3650",385665.0,766605.0,2
"1837,3650",385875.0,766605.0,2
"1838,3650",386085.0,766605.0,2
"1839,3650",386295.0,766605.0,2
"1840,3650",386505.0,766605.0,2
"1841,3650",386715.0,766605.0,2
"1842,3650",386925.0,766605.0,2
"1843,3650",387135.0,766605.0,4
"1844,3650",387345.0,766605.0,4
"1845,3650",387555.0,766605.0,4
"1846,3650",387765.0,766605.0,4
"1847,3650",387975.0,766605.0,4
"1848,3650",388185.0,766605.0,4
"1849,3650",388395.0,766605.0,4
"1850,3650",388605.0,766605.0,4
"1851,3650",388815.0,766605.0,4
"1852,3650",389025.0,766605.0,4
"1853,3650",389235.0,766605.0,4
"1854,3650",389445.0,766605.0,4
"1855,3650",389655.0,766605.0,4
"1856,3650",389865.0,766605.0,4
"1857,3650",390075.0,766605.0,4
"1858,3650",390285.0,766605.0,4
"1859,3650",390495.0,766605.0,4
"1860,3650",390705.0,766605.0,4
"1861,3650",390915.0,766605.0,4
"1862,3650",391125.0,766605.0,4
"1863,3650",391335.0,766605.0,4
"1864,3650",391545.0,766605.0,4
"1826,3651",383565.0,766815.0,2
"1827,3651",383775.0,766815.0,2
"1828,3651",383985.0,766815.0,2
"1829,3651",384195.0,766815.0,2
"1830,3651",384405.0,766815.0,2
"1831,3651",384615.0,766815.0,2
"1832,3651",384825.0,766815.0,2
"1833,3651",385035.0,766815.0,2
"1834,3651",385245.0,766815.0,2
"1835,3651",385455.0,766815.0,2
"1836,3651",385665.0,766815.0,2
"1837,3651",385875.0,766815.0,2
"1838,3651",386085.0,766815.0,2
"1839,3651",386295.0,766815.0,2
"1840,3651",386505.0,766815.0,2
"1841,3651",386715.0,766815.0,2
"1842,3651",386925.0,766815.0,2
"1843,3651",387135.0,766815.0,4
"1844,3651",387345.0,766815.0,4
"1845,3651",387555.0,766815.0,4
"1846,3651",387765.0,766815.0,4
"1847,3651",387975.0,766815.0,4
"1848,3651",388185.0,766815.0,4
"1849,3651",388395.0,766815.0,4
"1850,3651",388605.0,766815.0,4
"1851,3651",388815.0,766815.0,4
"1852,3651",389025.0,766815.0,4
"1853,3651",389235.0,766815.0,4
"1854,3651",389445.0,766815.0,4
"1855,3651",389655.0,766815.0,4
"1856,3651",389865.0,766815.0,4
"1857,3651",390075.0,766815.0,4
"1858,3651",390285.0,766815.0,4
"1859,3651",390495.0,766815.0,4
"1860,3651",390705.0,766815.0,4
"1861,3651",390915.0,766815.0,4
"1862,3651",391125.0,766815.0,4
"1863,3651",391335.0,766815.0,4
"1826,3652",383565.0,767025.0,2
"1827,3652",383775.0,767025.0,2
"1828,3652",383985.0,767025.0,2
"1829,3652",384195.0,767025.0,2
"1830,3652",384405.0,767025.0,2
"1831,3652",384615.0,767025.0,2
"1832,3652",384825.0,767025.0,2
"1833,3652",385035.0,767025.0,2
"1834,3652",385245.0,767025.0,2
"1835,3652",385455.0,767025.0,2
"1836,3652",385665.0,767025.0,2
"1837,3652",385875.0,767025.0,2
"1838,3652",386085.0,767025.0,2
"1839,3652",386295.0,767025.0,2
"1840,3652",386505.0,767025.0,2
"1841,3652",386715.0,767025.0,2
"1842,3652",386925.0,767025.0,2
"1843,3652",387135.0,767025.0,4
"1844,3652",387345.0,767025.0,4
"1845,3652",387555.0,767025.0,4
"1846,3652",387765.0,767025.0,4
"1848,3652",388185.0,767025.0,4
"1849,3652",388395.0,767025.0,4
"1850,3652",388605.0,767025.0,4
"1851,3652",388815.0,767025.0,4
"1852,3652",389025.0,767025.0,4
"1853,3652",389235.0,767025.0,4
"1854,3652",389445.0,767025.0,4
"1855,3652",389655.0,767025.0,4
"1856,3652",389865.0,767025.0,4
"1857,3652",390075.0,767025.0,4
"1858,3652",390285.0,767025.0,4
"1859,3652",390495.0,767025.0,4
"1860,3652",390705.0,767025.0,4
"1861,3652",390915.0,767025.0,4
"1862,3652",391125.0,767025.0,4
"1828,3653",383985.0,767235.0,2
"1829,3653",384195.0,767235.0,2
"1830,3653",384405.0,767235.0,2
"1831,3653",384615.0,767235.0,2
"1832,3653",384825.0,767235.0,2
"1833,3653",385035.0,767235.0,2
"1834,3653",385245.0,767235.0,2
"1835,3653",385455.0,767235.0,2
"1836,3653",385665.0,767235.0,2
"1837,3653",385875.0,767235.0,2
"1842,3653",386925.0,767235.0,2
"1843,3653",387135.0,767235.0,4
"1844,3653",387345.0,767235.0,4
"1848,3653",388185.0,767235.0,4
"1849,3653",388395.0,767235.0,4
"1850,3653",388605.0,767235.0,4
"1851,3653",388815.0,767235.0,4
"1852,3653",389025.0,767235.0,4
"1853,3653",389235.0,767235.0,4
"1854,3653",389445.0,767235.0,4
"1855,3653",389655.0,767235.0,4
"1856,3653",389865.0,767235.0,4
"1857,3653",390075.0,767235.0,4
"1858,3653",390285.0,767235.0,4
"1859,3653",390495.0,767235.0,4
"1860,3653",390705.0,767235.0,4
"1861,3653",390915.0,767235.0,4
"1862,3653",391125.0,767235.0,4
"1829,3654",384195.0,767445.0,2
"1830,3654",384405.0,767445.0,2
"1831,3654",384615.0,767445.0,2
"1832,3654",384825.0,767445.0,2
"1833,3654",385035.0,767445.0,2
"1834,3654",385245.0,767445.0,2
"1835,3654",385455.0,767445.0,2
"1849,3654",388395.0,767445.0,4
"1850,3654",388605.0,767445.0,4
"1851,3654",388815.0,767445.0,4
"1852,3654",389025.0,767445.0,4
"1853,3654",389235.0,767445.0,4
"1854,3654",389445.0,767445.0,4
"1855,3654",389655.0,767445.0,4
"1856,3654",389865.0,767445.0,4
"1857,3654",390075.0,767445.0,4
"1858,3654",390285.0,767445.0,4
"1859,3654",390495.0,767445.0,4
"1860,3654",390705.0,767445.0,4
"1861,3654",390915.0,767445.0,4
"1862,3654",391125.0,767445.0,4
"1830,3655",384405.0,767655.0,2
"1831,3655",384615.0,767655.0,2
"1850,3655",388605.0,767655.0,4
"1851,3655",388815.0,767655.0,4
"1852,3655",389025.0,767655.0,4
"1853,3655",389235.0,767655.0,4
"1854,3655",389445.0,767655.0,4
"1855,3655",389655.0,767655.0,4
"1856,3655",389865.0,767655.0,4
"1857,3655",390075.0,767655.0,4
"1858,3655",390285.0,767655.0,4
"1859,3655",390495.0,767655.0,4
"1860,3655",390705.0,767655.0,4
"1861,3655",390915.0,767655.0,4
"1862,3655",391125.0,767655.0,4
"1858,3656",390285.0,767865.0,4
"1859,3656",390495.0,767865.0,4
"1860,3656",390705.0,767865.0,4
"1861,3656",390915.0,767865.0,4
"1862,3656",391125.0,767865.0,4
"1861,3657",390915.0,768075.0,4
"1862,3657",391125.0,768075.0,4
