area_name,row_count,unique_grid_count
Korathota,1298,118
Mahadeniya,924,84
Ranala,748,68
Thunadahena,737,67
Nawagamuwa,682,62
Pahala Bomiriya A,649,59
Thalangama North A,616,56
Pahalawela,572,52
Athurugiriya,561,51
Oruwala,561,51
Shanthalokagama,561,51
Welivita,561,51
Malabe East,550,50
Dedigamuwa,539,49
Kumaragewatta,539,49
Malabe North,528,48
Hokandara South,517,47
Pothuarawa,506,46
Hokandara East,495,45
Pore,495,45
Batewela,473,43
Kaduwela,473,43
Nawagamuwa South,462,42
Pahala Bomiriya B,451,41
Welipillewa,451,41
Athurugiriya South,440,40
Hokandara,440,40
Kothalawala,440,40
Walpola,440,40
Thaldiyawala,418,38
Wekewatta,418,38
Ihala Bomiriya,407,37
Muttettugoda,363,33
Raggahawatta,363,33
Malabe West,352,32
Thalahena South,352,32
Boralugoda,330,30
Wellangiriya,330,30
Arangala,319,29
Batapotha,308,28
Kalapaluwawa,308,28
Hewagama,297,27
Embilladeniya,275,25
Welihinda,264,24
Rajamalwatta,253,23
Subhoothipura,242,22
Evarihena,231,21
Thalangama North B,231,21
Kotuwegoda,220,20
Thalahena North,220,20
Wickramasinghapura,198,18
Battaramulla Sout,187,17
Asiri Uyana,143,13
Battaramulla North,132,12
Aruppitiya,121,11
Udumulla2,110,10
Jayawadanagama,33,3
