,count,mean,std,min,1%,5%,25%,50%,75%,95%,99%,max,missing_count,unique_count,positive_infinity_count,negative_infinity_count
year,24134.0,2020.0,3.162343177196971,2015.0,2015.0,2015.0,2017.0,2020.0,2023.0,2025.0,2025.0,2025.0,0,11,0,0
LST_C,24134.0,35.51127224066366,3.7343167383424967,13.603582696967676,23.59762570953406,29.985502055414774,33.48745111681227,35.49290793353809,37.658171794636246,41.46446439926303,44.54788991252644,55.461864030226494,0,24134,0,0
NDVI,24134.0,0.5858299844515992,0.14182369303061082,-0.6924596852339677,0.07654709697526532,0.3048599284643386,0.5235512363058745,0.612033650313563,0.6824621321673654,0.7544467754630654,0.7986542106674069,0.8706288875059536,0,24134,0,0
NDBI,24134.0,-0.18162816336226872,0.07832704623037931,-0.705228524521974,-0.3533865363650831,-0.30683569419841117,-0.23749763264219007,-0.18263848783676623,-0.12516206831415067,-0.05366552508219806,-0.011177588160745069,0.1727837165816878,0,24134,0,0
NDWI,24134.0,-0.5399007174389723,0.13167478677509645,-0.765913436071999,-0.7033902555699693,-0.6745904205257367,-0.6228315896953475,-0.5699122250786205,-0.49997944671863026,-0.2711614809260835,-0.037764461247449185,0.6871104649383656,0,24134,0,0
EVI,24134.0,0.36639757345961255,0.09517870393026877,-0.129792263484783,0.06201257920792939,0.214319438769713,0.30765266909443373,0.3709511193916075,0.43206615187505526,0.5095325658475308,0.5652471135669915,0.7407382182701534,0,24134,0,0
Albedo,24134.0,0.16243330263152844,0.05897054613156723,0.0032130409173937,0.036583049688939814,0.11314477514354605,0.1442169547635035,0.15482329196025962,0.16743740618712255,0.2257318567458676,0.4593487039480704,0.8455313931921371,0,24134,0,0
NDBI_ADJ,24134.0,-0.18000805138314252,0.05924655681908921,-0.3853243335088094,-0.3078317340576985,-0.2747756080006314,-0.22146451669307177,-0.1820919167273665,-0.13971504784107652,-0.07862412280661528,-0.04698182098408969,0.0110947472046323,0,24134,0,0
NDVI_ADJ,24134.0,0.5904783796226307,0.1087720195365728,0.0367780372565879,0.19198942254641574,0.38736945964654595,0.5397954101413367,0.6102985034526012,0.663966534926353,0.7236444206156719,0.7539727967201534,0.8398390537719309,0,24134,0,0
NightLights,24134.0,5.561638948936877,2.5677602103717185,1.29204523563385,1.6607783111976426,2.2195374687519243,3.685585842470008,5.133241531063362,6.944992792640457,10.476548635878975,13.387432629847693,22.684999465942383,0,19482,0,0
green_mask,24134.0,0.6266589738439076,0.29778109708387673,0.0,0.0,0.057857013945548784,0.40584371585814294,0.6843748775393277,0.8883854953394296,1.0,1.0,1.0,0,20123,0,0
building_mask,24134.0,0.5154968094804011,0.4997701453707333,0.0,0.0,0.0,0.0,1.0,1.0,1.0,1.0,1.0,0,2,0,0
road_mask,24134.0,0.8204193254329991,0.38384575140017607,0.0,0.0,0.0,1.0,1.0,1.0,1.0,1.0,1.0,0,2,0,0
dist_road,24134.0,108.56554664616539,236.38570199421358,0.0,10.499361988307918,13.384167343670711,20.6209112517154,35.57640427727473,70.5878734938192,545.2002471080193,1310.6800312551736,1969.249964596968,0,2192,0,0
dist_main_road,24134.0,308.96073705684086,304.2862930654991,0.0,34.0374500650176,47.33656682159627,92.41896839708284,215.6842806073692,411.3574575744935,916.7141262454808,1519.6258719523398,1969.249964596968,0,2194,0,0
dist_water,24134.0,1790.3376224476524,1070.9663550335702,0.0,8.318263370493943,82.9791406683409,884.740694966895,1822.1072786154734,2641.9804212464583,3547.5651242591434,3856.6474797145634,4175.450888860844,0,2189,0,0
LCZ,24134.0,7.174795467441893,1.8966419081205814,4.057771773680865,6.0,6.0,6.0,6.0,8.544226715590598,10.863742781332917,14.426214797390557,17.0,0,674,0,0
