year,count,mean,median,std,min,q01,q05,q25,q75,q95,q99,max,iqr,skewness,lower_iqr_fence,upper_iqr_fence,iqr_candidate_count,mad_candidate_count
2015,2194,38.3183404062894,38.172340421286805,2.2624739093768365,31.214261914250027,33.119790214211555,34.85168392402354,36.90009331200213,39.59191461659486,42.12381659190742,44.65531981169268,53.193236295323054,2.691821304592736,0.47222252552568866,32.86236135511302,43.62964657348397,58,11
2016,2194,36.52370040325415,36.255776109583024,2.012538726241344,29.931916644204364,32.24762210183522,33.63592737538925,35.23553239810582,37.61456610049326,40.242023427007396,42.10651886082535,51.07347888021932,2.3790337023874457,0.760295391606129,31.66698184452465,41.18311665407443,71,15
2017,2194,31.7870858396053,32.87662612802488,4.6428938901610675,13.603582696967676,16.981027538279722,21.972626510912676,30.07315659985383,34.73417046792109,37.166497455114246,39.68189624245086,48.97951427587129,4.661013868067258,-1.1848637630057157,23.081635797752945,41.725691270021976,152,108
2018,2194,34.98617066179026,34.82141937516597,2.6677584159050327,23.20508722921276,27.66527792764001,30.935554778801226,33.37046110958464,36.628188314810046,39.54912896382395,41.31617703320968,48.824831556705625,3.2577272052254074,-0.03615272225200487,28.483870301746528,41.51477912264816,58,15
2019,2194,35.5436252198628,35.38546275346153,2.541932861613217,25.97467284572588,29.12694427950823,31.646807912516113,34.05690122412075,36.92666351964135,39.823932475211095,42.21289688170814,52.3712039790942,2.8697622955206015,0.29611841301305086,29.752257780839848,41.231306962922254,80,26
2020,2194,38.307315451437454,39.483115637362275,5.793250420510118,17.020626737667552,20.74386655592742,25.556523856160315,36.093137694614654,42.16389560965018,45.31120953024953,47.7120382808353,55.461864030226494,6.070757915035529,-1.1666977778353214,26.98700082206136,51.270032482203476,141,88
2021,2194,35.93876307708523,35.73011760412802,2.3591770967868846,27.44697816286192,31.23517548338226,32.49396397031393,34.24883001192305,37.44962206828504,40.16049428466517,41.914377989370166,51.64231861505127,3.2007920563619905,0.5527451037768658,29.44764192738006,42.25081015282802,19,6
2022,2194,36.8373562508471,36.90828672219508,3.3365416797858676,20.39790387526263,26.96502453512705,31.173597654280787,34.84101922235248,39.018829944874085,41.95235092668239,44.24990676666114,46.81381606465796,4.177810722521606,-0.4104198494556767,28.57430313857007,45.2855460286565,42,14
2023,2194,32.76216780982794,32.68144197498056,2.0828588662713203,23.3525526088988,27.52822762902653,29.648625428529694,31.389991393106484,34.105713702394034,36.24995157284018,37.557589144860536,45.25213807176164,2.7157223092875498,0.09736537189649826,27.31640792917516,38.179297166325355,34,8
2024,2194,35.208990409522876,35.073575556335115,2.226838124976508,27.667339835000003,30.31045746125672,31.833674467192917,33.704506665721446,36.600388606446145,39.06750687697176,40.73745642847985,49.68392922402387,2.895881940724699,0.38635866025093707,29.360683754634398,40.94421151753319,27,5
2025,2194,34.41047911777771,34.396225985759926,2.8123177095515843,23.664145204018467,26.845259271024624,29.83634464412148,32.71412187516216,36.20678641991243,39.00875352483153,40.782896946542614,50.47698102184984,3.4926645447502764,-0.08726664036845808,27.475125058036742,41.445783237037844,44,10
