grid_id,year,LST_C,area_name,extreme_type
"1837,3618",2017,13.603582696967676,Hokandara South,lowest_25
"1838,3618",2017,13.909094588921365,Hokandara East,lowest_25
"1835,3614",2017,14.355515168558163,Hokandara South,lowest_25
"1841,3651",2017,14.41486060385391,Hewagama,lowest_25
"1838,3619",2017,14.420618945403104,Hokandara East,lowest_25
"1836,3618",2017,14.788097159533434,Hokandara South,lowest_25
"1839,3620",2017,14.788381045811615,Hokandara East,lowest_25
"1838,3617",2017,14.849862135505742,Hokandara South,lowest_25
"1837,3619",2017,14.96922248703667,Hokandara South,lowest_25
"1839,3618",2017,15.09940317289959,Hokandara East,lowest_25
"1837,3617",2017,15.103262867118792,Hokandara South,lowest_25
"1834,3614",2017,15.136426890887972,Hokandara South,lowest_25
"1835,3615",2017,15.496761253875524,Hokandara South,lowest_25
"1840,3620",2017,15.538755513840046,Hokandara East,lowest_25
"1839,3619",2017,15.593106391549671,Hokandara East,lowest_25
"1841,3621",2017,16.247613796576346,Hokandara East,lowest_25
"1839,3617",2017,16.439121511181554,Hokandara East,lowest_25
"1841,3652",2017,16.64833900855178,Hewagama,lowest_25
"1834,3615",2017,16.74538306209397,Hokandara South,lowest_25
"1840,3618",2017,16.85448323051285,Hokandara East,lowest_25
"1841,3617",2017,16.921463110677305,Hokandara East,lowest_25
"1841,3620",2017,16.96656804479831,Hokandara East,lowest_25
"1840,3617",2017,16.982115887251442,Hokandara East,lowest_25
"1849,3611",2020,17.020626737667552,Athurugiriya South,lowest_25
"1836,3614",2017,17.07551370480283,Hokandara South,lowest_25
"1869,3644",2020,55.461864030226494,Ranala,highest_25
"1869,3644",2015,53.193236295323054,Ranala,highest_25
"1869,3644",2019,52.3712039790942,Ranala,highest_25
"1869,3643",2020,52.16197092955343,Ranala,highest_25
"1869,3644",2021,51.64231861505127,Ranala,highest_25
"1869,3644",2016,51.07347888021932,Ranala,highest_25
"1869,3643",2015,50.49656241386048,Ranala,highest_25
"1869,3644",2025,50.47698102184984,Ranala,highest_25
"1816,3636",2020,49.82769681919906,Thalangama North A,highest_25
"1869,3644",2024,49.68392922402387,Ranala,highest_25
"1869,3644",2017,48.97951427587129,Ranala,highest_25
"1840,3641",2020,48.86381225642825,Malabe North,highest_25
"1869,3644",2018,48.824831556705625,Ranala,highest_25
"1815,3636",2020,48.81144098812523,Thalangama North A,highest_25
"1814,3630",2020,48.76334005967106,Battaramulla North,highest_25
"1815,3635",2020,48.75646043869232,Udumulla2,highest_25
"1845,3650",2020,48.643743946198974,Kaduwela,highest_25
"1869,3643",2016,48.56715150915292,Ranala,highest_25
"1816,3637",2020,48.49717777651518,Thalangama North A,highest_25
"1817,3626",2020,48.49031948731219,Pahalawela,highest_25
"1817,3625",2020,48.37948459855682,Pahalawela,highest_25
"1818,3626",2020,48.37039043402815,Kumaragewatta,highest_25
"1815,3634",2020,48.20888383948992,Battaramulla North,highest_25
"1814,3631",2020,48.1707762991648,Battaramulla North,highest_25
"1814,3634",2020,48.12991629071397,Battaramulla North,highest_25
