area_name,row_count,unique_grids,mean_lst,median_lst,std_lst,min_lst,max_lst
Udumulla2,110,10,40.29747166806321,40.60077418397715,3.194087075007787,31.940963794704384,48.75646043869232
Battaramulla North,132,12,40.094605379179605,40.194906290563836,4.002912059021368,26.047984767680013,48.76334005967106
Jayawadanagama,33,3,39.01057526107462,39.65962469747437,3.3680530128478283,31.222757488797587,47.048655289409474
Asiri Uyana,143,13,38.35565819211819,38.75476168145279,4.61781589982379,25.807911562908007,48.11825633618497
Thalangama North A,616,56,38.125482116937754,38.03640155809,3.7459761661013293,25.94625772836964,49.82769681919906
Walpola,440,40,37.72067155565032,37.97931052368469,3.164669703028301,23.46646297954783,47.41763359455521
Kalapaluwawa,308,28,37.557816671394576,37.84031336244264,3.609998368681195,22.652961273904488,46.48668429000001
Aruppitiya,121,11,37.28551210940943,37.41062963590152,3.555720277664401,27.797186909001656,45.275852673022726
Hokandara,440,40,36.8871715775412,36.5051618136697,3.1639524242562787,28.370335162304468,45.75144764798093
Wickramasinghapura,198,18,36.80309000906083,37.26870693175625,3.4638911428087855,23.3525526088988,43.20252392368352
Muttettugoda,363,33,36.793920274531125,37.39756918162775,3.5681730888156027,23.52700973385224,46.43853417086096
Batapotha,308,28,36.76091287075692,36.869107584105976,3.358302698099773,25.536344236749688,46.76550004083104
Battaramulla Sout,187,17,36.61574910612427,36.83587424864711,5.196204066360906,24.448359833815488,47.95555033220086
Arangala,319,29,36.6156854568854,36.36082840756188,3.4067041116468166,24.45930528940169,47.45509012257271
Kumaragewatta,539,49,36.53369172622013,36.61460757272194,3.28399487822858,26.18011136555468,48.37039043402815
Kothalawala,440,40,36.39813477355675,36.315991480843856,3.5925329630632272,24.19971586983824,46.56804415674994
Subhoothipura,242,22,36.266416681330924,36.67834891199724,4.390843627794987,21.503582730215367,47.08570233753632
Malabe North,528,48,36.21263117128073,36.71505631081452,4.266404156654383,20.320547475835937,48.86381225642825
Thalahena South,352,32,36.20838138749388,36.76072087791637,4.0292622377801415,19.21725837121484,45.91742622837496
Shanthalokagama,561,51,36.14054227594106,36.1063750133745,3.577250326861584,20.8114607207819,46.31969885099432
Kaduwela,473,43,36.118093350973844,36.29170921850304,3.583512073221885,20.297657198503003,48.643743946198974
Rajamalwatta,253,23,36.11495868549988,35.88978054818168,4.174928895334778,24.53993990889501,46.74373290487127
Pahalawela,572,52,35.97240672233635,35.74002229892176,4.0895694532368605,25.141495192438907,48.49031948731219
Malabe West,352,32,35.92849848818871,35.919233800419434,3.4200335489019165,22.32450904333892,44.978021015604334
Thalangama North B,231,21,35.758621164469815,36.458711997200645,4.173010614992444,19.06897474317896,43.76595464139704
Pothuarawa,506,46,35.70575903799169,35.94107593300917,3.0839863641915626,23.246662720746382,44.40993880344119
Wellangiriya,330,30,35.630561224457765,35.54056709578563,3.4106853403214843,23.20508722921276,45.43055629589316
Malabe East,550,50,35.58170830124074,35.56490097261015,4.37439932220802,19.18222390146975,46.840216299459456
Hewagama,297,27,35.57963653489376,36.11357924300289,4.220563281900388,14.41486060385391,44.538581668194176
Evarihena,231,21,35.52038758662972,35.01788387277954,3.1128990975500774,25.263278292809947,44.98777758275288
Thalahena North,220,20,35.516851593120116,36.33519876283258,4.662629645385004,18.66651418119442,42.71670167385643
Nawagamuwa,682,62,35.445838281239304,35.46825447903829,2.727460024974936,27.333524347731192,45.078740370658096
Pore,495,45,35.39171514282849,35.03626139028851,2.731035253264854,25.925082865476288,43.44598034425332
Ranala,748,68,35.34160960615942,34.691078854962434,4.05836978339574,19.78555542505228,55.461864030226494
Athurugiriya,561,51,35.22167592748823,35.05112968524876,2.9338109002635595,22.07942713333019,43.99628793718709
Thunadahena,737,67,35.180078547418226,34.89828546749942,2.74823905088638,24.23605224878041,43.84915743102595
Kotuwegoda,220,20,34.9900200798836,34.7738622756206,2.487405947466226,29.78789432232356,41.24956628026958
Oruwala,561,51,34.95854117157157,34.69704284450552,3.2256497353292404,20.74515577547009,45.2887009923297
Korathota,1298,118,34.95602237407045,34.84596775756069,2.7139648475344185,20.927659997810647,45.50422823448057
Welipillewa,451,41,34.93482218430427,35.15632117402576,2.6912911802233657,26.848846002206365,42.22822413711217
Boralugoda,330,30,34.87253814789333,34.46369115010798,3.3087433208625305,21.487188435184887,45.08258139828659
Welivita,561,51,34.84903243474528,35.12516911713447,4.1530921795758555,19.826437038499304,47.56688200608878
Hokandara South,517,47,34.80604490357096,35.31410143882432,5.142328384331081,13.603582696967676,44.63370793217266
Nawagamuwa South,462,42,34.76398515929896,34.59351706840843,2.5056013775922157,26.98040670914717,42.30616646811353
Hokandara East,495,45,34.734452308439785,35.38744005556052,5.351086759857579,13.909094588921365,44.01697425483735
Embilladeniya,275,25,34.7130156973333,35.08835225067962,2.5885716656875886,24.657654063856928,40.43520693186497
Batewela,473,43,34.54966560015639,34.59268748303798,2.567551196904356,24.63968277361624,40.37800774568096
Pahala Bomiriya B,451,41,34.53989237302584,34.96416262039645,3.4079703828358707,21.114723786036883,42.406171428672046
Thaldiyawala,418,38,34.503815388150535,34.67051273354127,3.0149450744889434,22.50372337775505,43.96092659349337
Raggahawatta,363,33,34.46891107667779,34.943139108150206,3.747518186194224,17.283771542706653,43.76328694129173
Ihala Bomiriya,407,37,34.43151383198144,34.740200238440664,3.29401624012874,24.078499925364824,43.55376446494086
Wekewatta,418,38,34.367850796603136,34.40916938525692,2.740013400091233,25.1850572508371,42.344922001701
Dedigamuwa,539,49,34.228786846705155,34.549294530348284,2.7320776723521414,23.664145204018467,40.08793214020993
Welihinda,264,24,34.218665822494565,34.415859750441115,2.6256616047702193,22.55199526726104,40.52758338058333
Mahadeniya,924,84,34.10713205816687,34.8057482853006,4.462299128214284,18.73297129706632,45.1172812115087
Pahala Bomiriya A,649,59,34.08267407821494,34.3338360219498,3.001445927037184,22.308623823823616,41.99078899176794
Athurugiriya South,440,40,33.81506441859063,34.42715547484873,4.015100750701888,17.020626737667552,42.63374020049523
