grid_id,year,LST_C,area_name,previous_year,previous_lst,lst_change,abs_lst_change
"1841,3651",2018,37.779728534675726,Hewagama,2017.0,14.41486060385391,23.364867930821816,23.364867930821816
"1841,3651",2017,14.41486060385391,Hewagama,2016.0,37.69573775569657,-23.28087715184266,23.28087715184266
"1835,3614",2017,14.355515168558163,Hokandara South,2016.0,37.29101482112441,-22.93549965256625,22.93549965256625
"1834,3614",2017,15.136426890887972,Hokandara South,2016.0,37.78144857387856,-22.645021682990592,22.645021682990592
"1842,3651",2018,40.16118047906989,Hewagama,2017.0,17.558588909509865,22.602591569560026,22.602591569560026
"1842,3651",2017,17.558588909509865,Hewagama,2016.0,40.12142331207908,-22.562834402569216,22.562834402569216
"1837,3618",2018,35.893954762151225,Hokandara South,2017.0,13.603582696967676,22.290372065183547,22.290372065183547
"1837,3618",2017,13.603582696967676,Hokandara South,2016.0,35.221494436480256,-21.61791173951258,21.61791173951258
"1835,3614",2018,35.843071737189135,Hokandara South,2017.0,14.355515168558163,21.48755656863097,21.48755656863097
"1838,3619",2018,35.85216876164895,Hokandara East,2017.0,14.420618945403104,21.43154981624584,21.43154981624584
"1873,3638",2020,23.90138042414671,Ranala,2019.0,45.24472208125531,-21.343341657108603,21.343341657108603
"1874,3638",2020,19.78555542505228,Ranala,2019.0,40.95009753168121,-21.16454210662893,21.16454210662893
"1837,3617",2018,36.16840898304341,Hokandara South,2017.0,15.103262867118792,21.06514611592462,21.06514611592462
"1834,3615",2017,16.74538306209397,Hokandara South,2016.0,37.77484472111615,-21.029461659022182,21.029461659022182
"1839,3620",2017,14.788381045811615,Hokandara East,2016.0,35.78505203134514,-20.996670985533523,20.996670985533523
"1839,3619",2017,15.593106391549671,Hokandara East,2016.0,36.387583199028384,-20.794476807478713,20.794476807478713
"1840,3618",2017,16.85448323051285,Hokandara East,2016.0,37.62888783308103,-20.77440460256818,20.77440460256818
"1841,3621",2017,16.247613796576346,Hokandara East,2016.0,36.98705196039739,-20.739438163821042,20.739438163821042
"1838,3619",2017,14.420618945403104,Hokandara East,2016.0,35.13811753515345,-20.717498589750342,20.717498589750342
"1835,3615",2017,15.496761253875524,Hokandara South,2016.0,36.09740826988315,-20.60064701600762,20.60064701600762
"1833,3614",2017,17.490203861195667,Hokandara South,2016.0,38.08273409423915,-20.592530233043483,20.592530233043483
"1839,3618",2017,15.09940317289959,Hokandara East,2016.0,35.61970218570015,-20.520299012800557,20.520299012800557
"1839,3620",2018,35.27884358973443,Hokandara East,2017.0,14.788381045811615,20.490462543922813,20.490462543922813
"1838,3618",2018,34.29798861580725,Hokandara East,2017.0,13.909094588921365,20.388894026885886,20.388894026885886
"1837,3619",2018,35.27685904980679,Hokandara South,2017.0,14.96922248703667,20.307636562770117,20.307636562770117
"1834,3614",2018,35.38628793760017,Hokandara South,2017.0,15.136426890887972,20.2498610467122,20.2498610467122
"1841,3621",2018,36.21625463147581,Hokandara East,2017.0,16.247613796576346,19.968640834899468,19.968640834899468
"1838,3617",2018,34.77114539097331,Hokandara South,2017.0,14.849862135505742,19.921283255467568,19.921283255467568
"1837,3619",2017,14.96922248703667,Hokandara South,2016.0,34.86929447545521,-19.900071988418542,19.900071988418542
"1840,3620",2017,15.538755513840046,Hokandara East,2016.0,35.38989533186536,-19.851139818025317,19.851139818025317
"1839,3619",2018,35.36171709663037,Hokandara East,2017.0,15.593106391549671,19.7686107050807,19.7686107050807
"1840,3651",2017,17.283771542706653,Raggahawatta,2016.0,37.02608726948257,-19.742315726775914,19.742315726775914
"1836,3618",2017,14.788097159533434,Hokandara South,2016.0,34.40710228252367,-19.61900512299023,19.61900512299023
"1838,3618",2017,13.909094588921365,Hokandara East,2016.0,33.41946216743109,-19.51036757850973,19.51036757850973
"1840,3619",2017,17.8000131973044,Hokandara East,2016.0,37.18359890973285,-19.383585712428452,19.383585712428452
"1839,3618",2018,34.43478589984443,Hokandara East,2017.0,15.09940317289959,19.335382726944836,19.335382726944836
"1840,3651",2018,36.617519838777845,Raggahawatta,2017.0,17.283771542706653,19.333748296071192,19.333748296071192
"1836,3618",2018,34.11531495585121,Hokandara South,2017.0,14.788097159533434,19.327217796317775,19.327217796317775
"1830,3641",2017,18.66651418119442,Thalahena North,2016.0,37.862432711295256,-19.195918530100837,19.195918530100837
"1841,3652",2017,16.64833900855178,Hewagama,2016.0,35.83532878399114,-19.186989775439358,19.186989775439358
"1840,3620",2018,34.48697550162788,Hokandara East,2017.0,15.538755513840046,18.948219987787837,18.948219987787837
"1841,3620",2017,16.96656804479831,Hokandara East,2016.0,35.83506301759379,-18.868494972795478,18.868494972795478
"1840,3621",2017,18.43582053026624,Hokandara East,2016.0,37.251960869922925,-18.816140339656684,18.816140339656684
"1838,3617",2017,14.849862135505742,Hokandara South,2016.0,33.66400017143608,-18.814138035930338,18.814138035930338
"1840,3617",2017,16.982115887251442,Hokandara East,2016.0,35.75663632620169,-18.77452043895025,18.77452043895025
"1810,3634",2020,21.503582730215367,Subhoothipura,2019.0,40.21387174307456,-18.710289012859196,18.710289012859196
"1832,3615",2017,19.28047924511632,Hokandara South,2016.0,37.964330431162814,-18.683851186046493,18.683851186046493
"1841,3632",2020,45.11647094603042,Malabe East,2019.0,26.471033241069254,18.645437704961164,18.645437704961164
"1835,3615",2018,34.13630115728598,Hokandara South,2017.0,15.496761253875524,18.63953990341045,18.63953990341045
"1841,3652",2018,35.20087501420707,Hewagama,2017.0,16.64833900855178,18.55253600565529,18.55253600565529
"1830,3641",2018,37.210382809631845,Thalahena North,2017.0,18.66651418119442,18.543868628437426,18.543868628437426
"1837,3617",2017,15.103262867118792,Hokandara South,2016.0,33.64653958656066,-18.543276719441863,18.543276719441863
"1842,3621",2017,18.479543370542817,Hokandara East,2016.0,37.014506133756655,-18.534962763213837,18.534962763213837
"1828,3641",2017,19.21725837121484,Thalahena South,2016.0,37.57811478172048,-18.36085641050564,18.36085641050564
"1840,3616",2017,17.517319793033888,Hokandara East,2016.0,35.874250018696145,-18.356930225662257,18.356930225662257
"1829,3641",2018,38.11164760008112,Thalahena North,2017.0,19.776646335777688,18.335001264303433,18.335001264303433
"1829,3641",2017,19.776646335777688,Thalahena North,2016.0,38.09919340713739,-18.322547071359704,18.322547071359704
"1841,3617",2017,16.921463110677305,Hokandara East,2016.0,35.23806061808764,-18.316597507410332,18.316597507410332
"1838,3638",2018,39.31195047190365,Malabe North,2017.0,21.029517351447428,18.282433120456222,18.282433120456222
"1836,3614",2018,35.32242624758984,Hokandara South,2017.0,17.07551370480283,18.24691254278701,18.24691254278701
"1849,3611",2020,17.020626737667552,Athurugiriya South,2019.0,35.21343938860005,-18.1928126509325,18.1928126509325
"1836,3615",2018,35.804259236862535,Hokandara South,2017.0,17.653084022663606,18.15117521419893,18.15117521419893
"1840,3618",2018,34.913813255151474,Hokandara East,2017.0,16.85448323051285,18.059330024638623,18.059330024638623
"1837,3616",2018,35.9266835197724,Hokandara South,2017.0,17.88558772396799,18.041095795804413,18.041095795804413
"1838,3620",2017,17.96416460462412,Hokandara East,2016.0,36.00223763921751,-18.038073034593392,18.038073034593392
"1839,3637",2017,20.320547475835937,Malabe North,2016.0,38.35818843146198,-18.037640955626046,18.037640955626046
"1836,3614",2017,17.07551370480283,Hokandara South,2016.0,35.08649299852764,-18.01097929372481,18.01097929372481
"1841,3622",2017,19.50025120466044,Hokandara East,2016.0,37.459576103906336,-17.959324899245896,17.959324899245896
"1848,3611",2021,36.19495213168616,Athurugiriya South,2020.0,18.23637941564514,17.95857271604102,17.95857271604102
"1836,3615",2017,17.653084022663606,Hokandara South,2016.0,35.58790620752963,-17.93482218486602,17.93482218486602
"1833,3615",2017,19.94249914356566,Hokandara South,2016.0,37.87108143448594,-17.92858229092028,17.92858229092028
"1838,3638",2017,21.029517351447428,Malabe North,2016.0,38.95173093801764,-17.922213586570212,17.922213586570212
"1848,3611",2020,18.23637941564514,Athurugiriya South,2019.0,36.14282698703078,-17.90644757138564,17.90644757138564
"1840,3631",2020,43.87784905329203,Malabe East,2019.0,25.97467284572588,17.90317620756615,17.90317620756615
"1841,3620",2018,34.84414684714793,Hokandara East,2017.0,16.96656804479831,17.87757880234962,17.87757880234962
"1810,3634",2021,39.37047109802132,Subhoothipura,2020.0,21.503582730215367,17.866888367805952,17.866888367805952
"1838,3637",2017,21.061535814621635,Malabe North,2016.0,38.8857333165946,-17.824197501972968,17.824197501972968
"1836,3617",2018,34.89908740232825,Hokandara South,2017.0,17.119885108387415,17.779202293940834,17.779202293940834
"1839,3631",2020,44.0106505355027,Malabe East,2019.0,26.24168178087709,17.768968754625607,17.768968754625607
"1839,3617",2018,34.15711905181697,Hokandara East,2017.0,16.439121511181554,17.717997540635416,17.717997540635416
"1828,3641",2018,36.88064630561934,Thalahena South,2017.0,19.21725837121484,17.663387934404497,17.663387934404497
"1840,3632",2020,44.28291339202196,Malabe East,2019.0,26.636680058290327,17.646233333731633,17.646233333731633
"1838,3637",2018,38.66975765332433,Malabe North,2017.0,21.061535814621635,17.608221838702697,17.608221838702697
"1834,3615",2018,34.348732227941795,Hokandara South,2017.0,16.74538306209397,17.603349165847824,17.603349165847824
"1841,3618",2017,17.75825497300097,Hokandara East,2016.0,35.360392361440844,-17.602137388439875,17.602137388439875
"1840,3621",2018,35.9889175930716,Hokandara East,2017.0,18.43582053026624,17.553097062805357,17.553097062805357
"1831,3641",2017,19.797997589429063,Thalahena North,2016.0,37.33099374466142,-17.532996155232357,17.532996155232357
"1848,3610",2021,35.35310744727095,Athurugiriya South,2020.0,17.825418469328575,17.527688977942375,17.527688977942375
"1833,3614",2018,35.01397045618015,Hokandara South,2017.0,17.490203861195667,17.52376659498448,17.52376659498448
"1838,3620",2018,35.484457791121805,Hokandara East,2017.0,17.96416460462412,17.520293186497685,17.520293186497685
"1839,3621",2017,18.722000145661173,Hokandara East,2016.0,36.21783221156867,-17.495832065907496,17.495832065907496
"1838,3641",2017,21.83733863877988,Malabe North,2016.0,39.331959391859975,-17.494620753080095,17.494620753080095
"1812,3640",2020,24.01069548120764,Walpola,2019.0,41.49509176355333,-17.484396282345692,17.484396282345692
"1831,3636",2021,36.54304549371086,Thalangama North B,2020.0,19.06897474317896,17.474070750531904,17.474070750531904
"1837,3638",2017,21.7711586844464,Malabe North,2016.0,39.23910733364757,-17.467948649201166,17.467948649201166
"1832,3642",2017,20.267788335945,Mahadeniya,2016.0,37.72473099451222,-17.456942658567222,17.456942658567222
"1848,3610",2020,17.825418469328575,Athurugiriya South,2019.0,35.26579556974159,-17.440377100413016,17.440377100413016
"1839,3637",2018,37.71111504667778,Malabe North,2017.0,20.320547475835937,17.390567570841846,17.390567570841846
"1841,3622",2018,36.8002408463794,Hokandara East,2017.0,19.50025120466044,17.299989641718962,17.299989641718962
"1840,3640",2017,22.848348970351363,Malabe North,2016.0,40.12211320481082,-17.27376423445946,17.27376423445946
