from_year,to_year,mean_change,median_change,std_change,wasserstein_distance,ks_statistic,ks_p_value
2015,2016,-1.7946400030352478,-1.9165643117037803,-0.24993518313549234,1.7946400030352385,0.386052871467639,3.7263745676674824e-146
2016,2017,-4.736614563648853,-3.379149981558143,2.6303551639197233,4.736614563648854,0.6039197812215131,0.0
2017,2018,3.199084822184961,1.9447932471410923,-1.9751354742560348,3.2020009886048184,0.3185961713764813,7.96103034153674e-99
2018,2019,0.5574545580725356,0.5640433782955583,-0.12582555429181586,0.5574545580725259,0.12078395624430266,2.341176898693819e-14
2019,2020,2.7636902315746568,4.097652883900743,3.251317558896901,4.130071798410676,0.4804010938924339,1.2703802225523162e-229
2020,2021,-2.3685523743522268,-3.752998033234256,-3.4340733237232333,4.007604373915972,0.459890610756609,1.1061224227578196e-209
2021,2022,0.8985931737618742,1.1781691180670606,0.977364582998983,1.2678151177898878,0.18459434822242482,4.502360008891541e-33
2022,2023,-4.075188441019158,-4.226844747214521,-1.2536828135145472,4.099366197241793,0.6080218778486782,0.0
2023,2024,2.446822599694933,2.392133581354557,0.1439792587051878,2.446822599694933,0.44576116681859623,1.539423265044134e-196
2024,2025,-0.7985112917451644,-0.6773495705751884,0.5854795845750762,0.8035204176852975,0.14630811303555152,6.850628873913379e-21
