feature,grid_count,mean_2016,mean_2017,mean_2018,mean_change_2016_to_2017,median_change_2016_to_2017,mean_abs_change_2016_to_2017,mean_change_2017_to_2018,median_change_2017_to_2018,mean_abs_change_2017_to_2018
LST_C,144,35.98126772818091,19.832707548727814,35.127866475973484,-16.148560179453092,-15.90436940782739,16.148560179453092,15.295158927245673,15.163342116957375,15.295158927245673
NDVI,144,0.6293117875312183,0.1647445384005771,0.6065298421080858,-0.4645672491306412,-0.5090149473980906,0.46540269391463707,0.4417853037075087,0.48518408112505557,0.44353645239206707
NDBI,144,-0.19441142981528603,-0.18104922508453775,-0.17395835538307164,0.013362204730748305,0.009180084655916382,0.03874497261910946,0.0070908697014661105,0.014033318432971703,0.0464257871445901
NDWI,144,-0.5775413134550246,-0.15767495950532576,-0.5684087455551592,0.41986635394969885,0.4721110760880822,0.42127888387054346,-0.4107337860498334,-0.4575254488566933,0.414625964322998
EVI,144,0.38115344223512015,0.22234281370589346,0.3672564263904644,-0.15881062852922673,-0.15514616862141853,0.1602027902668398,0.14491361268457098,0.1394812080893828,0.14710426027680557
Albedo,144,0.1466806248327578,0.438722022187345,0.15750894134624469,0.29204139735458723,0.32008461831571655,0.29292423052807304,-0.2812130808411003,-0.29563239912946865,0.2825209788355708
NDBI_ADJ,144,-0.19053414861079251,-0.18032312276686766,-0.17130487699784933,0.010211025843924876,0.008427926996495042,0.029475883040561972,0.009018245769018295,0.010093398742132997,0.03576967606182725
NDVI_ADJ,144,0.6336733678676502,0.18855357792615696,0.6107830574579128,-0.4451197899414932,-0.472300198410046,0.4451197899414932,0.4222294795317558,0.42995596079249243,0.42334515206737977
NightLights,144,6.00127991595002,6.144744674424032,6.531601274445611,0.14346475847401285,0.3807383068945003,0.6071833990825046,0.38685660002157923,0.4084508653063925,0.5311437351474154
green_mask,144,0.6876061997603549,0.11465860817473714,0.693575879305638,-0.5729475915856176,-0.6278975948437275,0.6027448954477714,0.578917271130901,0.662967529259876,0.6083972242103811
