area_name,low_2017_grid_count,mean_low_2017_lst,min_low_2017_lst
Hokandara East,33,18.530997534498084,13.909094588921365
Hokandara South,29,18.028193496620354,13.603582696967676
Mahadeniya,24,21.134170044037614,18.73297129706632
Hewagama,9,18.968387472933514,14.41486060385391
Raggahawatta,9,21.247671721635452,17.283771542706653
Malabe East,9,21.494077299367373,19.18222390146975
Welivita,9,21.64742378920162,19.826437038499304
Malabe North,8,21.761902260766846,20.320547475835937
Thalahena North,5,19.75432780820652,18.66651418119442
Thalahena South,3,20.62436183941215,19.21725837121484
Kaduwela,2,20.36171269599287,20.297657198503003
Boralugoda,2,21.573862408473857,21.487188435184887
Thaldiyawala,2,22.760070258448458,22.50372337775505
