grid_id,year,LST_C,NDVI,NDBI,NDWI,EVI,Albedo,NightLights,green_mask,area_name,previous_year,previous_lst,lst_change,abs_lst_change,NDVI_change,NDBI_change,NDWI_change,EVI_change,Albedo_change,NightLights_change,green_mask_change
"1841,3651",2018,37.779728534675726,0.5250514324693129,-0.1139898997898356,-0.5133631406893431,0.3114119698953702,0.1481919283528247,14.449901714561634,0.3623663466791538,Hewagama,2017.0,14.41486060385391,23.364867930821816,23.364867930821816,0.49593701584368277,0.08553521463958651,-0.4822898436662468,0.14061973833297817,-0.41214145498374244,-0.39545069497799723,0.3623663466791538
"1841,3651",2017,14.41486060385391,0.0291144166256301,-0.1995251144294221,-0.0310732970230963,0.170792231562392,0.5603333833365671,14.84535240953963,0.0,Hewagama,2016.0,37.69573775569657,-23.28087715184266,23.28087715184266,-0.5152977361571817,-0.07164866264523462,0.49368597356903315,-0.1769428009046756,0.40812472575700504,-0.26716643042933796,-0.3781315851088735
"1835,3614",2017,14.355515168558163,0.0436598854476569,-0.1455172617753066,-0.0482174895907196,0.1566978749213457,0.5768531027214719,5.459385871887207,0.0,Hokandara South,2016.0,37.29101482112441,-22.93549965256625,22.93549965256625,-0.572784839025101,-0.0024610707887116057,0.5232749678714335,-0.2133761931679458,0.43518300788595843,0.819676399230957,-0.6384226491405466
"1834,3614",2017,15.136426890887972,0.0554156771432749,-0.1656575771301397,-0.0554504937782694,0.1884722940829427,0.5300697091455487,5.459385871887207,0.0,Hokandara South,2016.0,37.78144857387856,-22.645021682990592,22.645021682990592,-0.6008275432877681,0.009443680336466698,0.5494655751514388,-0.1955587204317158,0.39342408378033794,0.819676399230957,-0.7653682850286142
"1842,3651",2018,40.16118047906989,0.4873678073837433,-0.0910141639426495,-0.4803335710082668,0.2834847581347745,0.1495889019457792,13.697483350394627,0.2975452905654459,Hewagama,2017.0,17.558588909509865,22.602591569560026,22.602591569560026,0.4359703851487882,0.0810808641126107,-0.4292899319803752,0.05655881873327828,-0.4038028330227458,-0.4168276039256966,0.2975452905654459
"1842,3651",2017,17.558588909509865,0.0513974222349551,-0.1720950280552602,-0.0510436390278916,0.2269259394014962,0.553391734968525,14.114310954320324,0.0,Hewagama,2016.0,40.12142331207908,-22.562834402569216,22.562834402569216,-0.45438390954658153,-0.08449349573481199,0.445281382236297,-0.089431173387921,0.404549446898792,-0.07019716823309707,-0.2503333071915928
"1837,3618",2018,35.893954762151225,0.6804147893247185,-0.2003269303150514,-0.6066602009955728,0.4316042751254546,0.1519784610357079,4.281553583244965,0.9093891579440714,Hokandara South,2017.0,13.603582696967676,22.290372065183547,22.290372065183547,0.6257578376818834,-0.056038613457126796,-0.5471808909272832,0.20994615175698797,-0.45166155031217436,0.09777716209582898,0.9093891579440714
"1837,3618",2017,13.603582696967676,0.0546569516428351,-0.1442883168579246,-0.0594793100682897,0.2216581233684666,0.6036400113478823,4.183776421149136,0.0,Hokandara South,2016.0,35.221494436480256,-21.61791173951258,21.61791173951258,-0.5978404851321877,0.043513668341967515,0.5383317255631958,-0.1412482575158809,0.46678855229870725,0.49821684999663995,-0.7912826120918607
"1835,3614",2018,35.843071737189135,0.5619976021643237,-0.0988440188864591,-0.5445635716220851,0.3475185592632492,0.1691277313803214,6.074999809265137,0.5083923154701723,Hokandara South,2017.0,14.355515168558163,21.48755656863097,21.48755656863097,0.5183377167166668,0.0466732428888475,-0.49634608203136554,0.1908206843419035,-0.40772537134115056,0.6156139373779297,0.5083923154701723
"1838,3619",2018,35.85216876164895,0.6264381090907382,-0.1636223118681214,-0.5908533972290405,0.4152747309484971,0.1588495341648819,4.351442574734414,0.7130704404515821,Hokandara East,2017.0,14.420618945403104,21.43154981624584,21.43154981624584,0.5985526937006156,-0.005802921136992711,-0.5560779340099026,0.255959737053853,-0.4794159730635168,0.2530680178155347,0.7130704404515821
"1873,3638",2020,23.90138042414671,0.1569152636445628,-0.1169645969880444,-0.167654580018785,0.2224211705716638,0.3879638364477018,5.637401050991483,0.0199811941701927,Ranala,2019.0,45.24472208125531,-21.343341657108603,21.343341657108603,-0.2228452771250551,-0.1278989918225602,0.1940585923338968,-0.0974407772653623,0.17239738353500403,-1.747910749312572,-0.1343833254975709
"1874,3638",2020,19.78555542505228,0.0481243460456993,-0.1274742856475716,-0.0601386578481008,0.1962449293565615,0.5667944376078136,5.595000267028809,0.0,Ranala,2019.0,40.95009753168121,-21.16454210662893,21.16454210662893,-0.4773551214783281,0.0378923178167741,0.4154091397241954,-0.1798636913878651,0.39188416029289236,-1.9799995422363281,-0.4904181184668991
"1837,3617",2018,36.16840898304341,0.6412887526233275,-0.1513554522740118,-0.5887730189045691,0.3843691561266036,0.1422023016305419,4.399999618530273,0.7710287804102401,Hokandara South,2017.0,15.103262867118792,21.06514611592462,21.06514611592462,0.6019527956086351,-0.006956706097502596,-0.5453432466368898,0.1820541982964706,-0.4807748187291613,0.45720458030700684,0.7710287804102401
"1834,3615",2017,16.74538306209397,0.0909518070771587,-0.1704913120074457,-0.0764666560623282,0.1737164813126603,0.4119187454114795,5.459385871887207,0.0141505684076635,Hokandara South,2016.0,37.77484472111615,-21.029461659022182,21.029461659022182,-0.5152902004522005,-0.03383187740309768,0.49794217043948125,-0.2068679278715674,0.2656115940093255,0.819676399230957,-0.574846967167501
"1839,3620",2017,14.788381045811615,0.0129013187539704,-0.1760067936394423,-0.0255070950567793,0.1357316785263424,0.8063530684397244,4.597405481070321,0.0,Hokandara East,2016.0,35.78505203134514,-20.996670985533523,20.996670985533523,-0.6365368634625242,0.0032092402040972134,0.5807014781139428,-0.25704220732813887,0.663177259804501,-0.47340902420268094,-0.840181221684112
"1839,3619",2017,15.593106391549671,0.0171872388324619,-0.1495844032528044,-0.0277230640566895,0.1390471484027045,0.7982712464306485,4.004645824432373,0.0,Hokandara East,2016.0,36.387583199028384,-20.794476807478713,20.794476807478713,-0.612486901199431,0.0009751613629148115,0.5582063781057397,-0.24119593183852361,0.6502739559942642,0.4780120849609375,-0.7366621610876999
"1840,3618",2017,16.85448323051285,0.0882876166947813,-0.1402380541565308,-0.0868094226623402,0.2394278087341472,0.5808026888438088,3.995048600254695,0.027351514669635,Hokandara East,2016.0,37.62888783308103,-20.77440460256818,20.77440460256818,-0.5154740567030078,0.006119407334575222,0.4918115328716874,-0.1501573153026799,0.4209861953163788,0.4524789310519646,-0.4732448119583366
"1841,3621",2017,16.247613796576346,0.1332011370674139,-0.1635776159092209,-0.1376148954724849,0.2671931953281651,0.4631265079764065,6.11000919342041,0.0,Hokandara East,2016.0,36.98705196039739,-20.739438163821042,20.739438163821042,-0.4855091485837232,-0.030072122475949897,0.4428510083510155,-0.1010987296665653,0.31968691646815517,-3.8401269912719744,-0.5864261304935228
"1838,3619",2017,14.420618945403104,0.0278854153901226,-0.1578193907311287,-0.0347754632191379,0.1593149938946441,0.6382655072283987,4.09837455691888,0.0,Hokandara East,2016.0,35.13811753515345,-20.717498589750342,20.717498589750342,-0.5956461774280817,0.03250611223149222,0.533650655636176,-0.2021404306335679,0.4905259735713713,0.4979353228364487,-0.5835585943711241
"1835,3615",2017,15.496761253875524,0.0575413917341549,-0.1695598661715953,-0.0603061152682962,0.1931908820725333,0.5438389559495796,5.459385871887207,0.0,Hokandara South,2016.0,36.09740826988315,-20.60064701600762,20.60064701600762,-0.6194261575936715,0.019937565633204507,0.5619654280327301,-0.2438217504185581,0.39054962512844016,0.819676399230957,-0.8378249463391365
"1833,3614",2017,17.490203861195667,0.1169101726842222,-0.1621888220506888,-0.113730141664537,0.1742408429333384,0.4189402829380532,6.917249915762718,0.0,Hokandara South,2016.0,38.08273409423915,-20.592530233043483,20.592530233043483,-0.3615746218364062,-0.1010475086094523,0.3822275686933896,-0.08449338916345128,0.2896539212181952,0.9703737141923128,-0.2158385093167702
"1839,3618",2017,15.09940317289959,0.0410184938985747,-0.1379302255499012,-0.049776208775363,0.1849139893261326,0.660781032998969,3.923407239320423,0.0,Hokandara East,2016.0,35.61970218570015,-20.520299012800557,20.520299012800557,-0.5962765363684507,0.010167170749240506,0.5456135805553396,-0.2183311898951936,0.503998452710235,0.4514624606358377,-0.7467389596102467
"1839,3620",2018,35.27884358973443,0.6148243373822391,-0.1464302797994284,-0.5872711664651488,0.3910549528164121,0.1571038457719758,5.4086047147069385,0.7933135447586316,Hokandara East,2017.0,14.788381045811615,20.490462543922813,20.490462543922813,0.6019230186282687,0.02957651384001389,-0.5617640714083695,0.25532327429006973,-0.6492492226677486,0.8111992336366178,0.7933135447586316
"1838,3618",2018,34.29798861580725,0.6995457610580815,-0.2129522917424597,-0.6374930223780461,0.4229142753263019,0.1492116306429011,4.3307056248974805,0.8697180348355854,Hokandara East,2017.0,13.909094588921365,20.388894026885886,20.388894026885886,0.647055186118282,-0.059564304843753496,-0.5814897221853018,0.2285910480699405,-0.4409660753271796,0.30877877765918704,0.8697180348355854
"1837,3619",2018,35.27685904980679,0.6617758668970394,-0.1930283490563808,-0.6092062029373553,0.4149856896883157,0.1583598134937603,4.25,0.8583923034109884,Hokandara South,2017.0,14.96922248703667,20.307636562770117,20.307636562770117,0.6200566468422702,-0.009795392473951309,-0.559729537104589,0.18942707657654448,-0.4274337725007653,0.002027034759520596,0.8583923034109884
"1834,3614",2018,35.38628793760017,0.6112496307553328,-0.1370052476588429,-0.5738237199086602,0.3663305558186288,0.1588092861243367,6.074999809265137,0.6898652390622121,Hokandara South,2017.0,15.136426890887972,20.2498610467122,20.2498610467122,0.5558339536120579,0.02865232947129681,-0.5183732261303908,0.17785826173568609,-0.37126042302121204,0.6156139373779297,0.6898652390622121
"1841,3621",2018,36.21625463147581,0.6506207776137851,-0.156685102517458,-0.5784471468265906,0.3517287853376759,0.1314636739735166,8.774999618530273,0.724231105459747,Hokandara East,2017.0,16.247613796576346,19.968640834899468,19.968640834899468,0.5174196405463712,0.006892513391762889,-0.4408322513541057,0.08453559000951077,-0.3316628340028899,2.6649904251098633,0.724231105459747
"1838,3617",2018,34.77114539097331,0.6976590772365565,-0.2053864953074362,-0.6293782808156755,0.3523874946842787,0.1497138443705185,4.251392890023822,0.9149173027989822,Hokandara South,2017.0,14.849862135505742,19.921283255467568,19.921283255467568,0.6650533151000311,-0.06001628083135438,-0.5888559817630945,0.17420329405996612,-0.5328540357308665,0.5149123809530249,0.9149173027989822
"1837,3619",2017,14.96922248703667,0.0417192200547691,-0.1832329565824295,-0.0494766658327663,0.2255586131117712,0.5857935859945256,4.247972965240479,0.0,Hokandara South,2016.0,34.86929447545521,-19.900071988418542,19.900071988418542,-0.6569029557923489,0.06358832641197909,0.5694923823964598,-0.14308112782236002,0.45246141124335504,0.5297343730926523,-0.9136519042696986
"1840,3620",2017,15.538755513840046,0.0248461281454431,-0.1686137065470656,-0.0389343671958414,0.2080866380117886,0.8089852850082936,5.025128769774005,0.0,Hokandara East,2016.0,35.38989533186536,-19.851139818025317,19.851139818025317,-0.6553400460836676,0.0444219208727645,0.591582843776745,-0.2176870204033299,0.6566195994122546,-1.4038362091843979,-0.8351820028120606
"1839,3619",2018,35.36171709663037,0.6814506884228587,-0.1784800119559426,-0.5988165213230106,0.3850121774522522,0.1431494541977716,4.414999961853027,0.8833585115687367,Hokandara East,2017.0,15.593106391549671,19.7686107050807,19.7686107050807,0.6642634495903968,-0.028895608703138204,-0.5710934572663211,0.2459650290495477,-0.6551217922328769,0.4103541374206543,0.8833585115687367
"1840,3651",2017,17.283771542706653,0.0487789752722556,-0.1965566634716655,-0.0622928366192952,0.1798917703508081,0.5517091863325018,16.706364814676725,0.0,Raggahawatta,2016.0,37.02608726948257,-19.742315726775914,19.742315726775914,-0.4701837990241089,-0.0683662409423601,0.4486064006276661,-0.12901843357600518,0.4104645821493963,-0.6789280558641018,-0.4311246390384766
"1836,3618",2017,14.788097159533434,0.0462600631014858,-0.1532327321259373,-0.0468161564097477,0.2047926005186248,0.4940898102233355,4.264802165470387,0.0,Hokandara South,2016.0,34.40710228252367,-19.61900512299023,19.61900512299023,-0.6782349529792114,0.1400588613237203,0.5844232328205275,-0.09707034696822031,0.4099813644047463,0.5384488758756705,-0.995034678436318
"1838,3618",2017,13.909094588921365,0.0524905749397995,-0.1533879868987062,-0.0560033001927442,0.1943232272563614,0.5901777059700807,4.021926847238293,0.0,Hokandara East,2016.0,33.41946216743109,-19.51036757850973,19.51036757850973,-0.6504700365998238,0.0679071516070334,0.5536230831833793,-0.22791594906288828,0.42760178984928965,0.46898760639540127,-0.8280090603764744
"1840,3619",2017,17.8000131973044,0.0375131784365678,-0.1550941320880299,-0.0442670777772728,0.1950205269469321,0.756955389351835,4.107156843857001,0.0,Hokandara East,2016.0,37.18359890973285,-19.383585712428452,19.383585712428452,-0.6525412101736087,0.069745615012138,0.5947906893997039,-0.24963143042053823,0.6016022202837454,0.4939407535636713,-0.7907919847328244
"1839,3618",2018,34.43478589984443,0.658337082682813,-0.1830865690474872,-0.5752741091448649,0.3117181648528175,0.1455403218125348,4.362561230162639,0.8468489706113469,Hokandara East,2017.0,15.09940317289959,19.335382726944836,19.335382726944836,0.6173185887842383,-0.045156343497586016,-0.5254979003695018,0.1268041755266849,-0.5152407111864341,0.4391539908422155,0.8468489706113469
"1840,3651",2018,36.617519838777845,0.4848156324291569,-0.1171674069856211,-0.4875323530439192,0.2889142317775145,0.1538768616642423,16.102027576812443,0.3623663466791539,Raggahawatta,2017.0,17.283771542706653,19.333748296071192,19.333748296071192,0.43603665715690126,0.0793892564860444,-0.425239516424624,0.10902246142670641,-0.39783232466825946,-0.6043372378642822,0.3623663466791539
"1836,3618",2018,34.11531495585121,0.689418248442315,-0.2101123867172413,-0.6293896056551952,0.4140891834283812,0.1460883107796923,4.323885151672483,0.9688682219419924,Hokandara South,2017.0,14.788097159533434,19.327217796317775,19.327217796317775,0.6431581853408292,-0.05687965459130401,-0.5825734492454475,0.2092965829097564,-0.34800149944364317,0.059082986202096066,0.9688682219419924
"1830,3641",2017,18.66651418119442,0.4723018008811119,-0.1741146903400903,-0.4613237198563649,0.2076128528672704,0.1790079122644734,5.367121696472168,0.6882670210271242,Thalahena North,2016.0,37.862432711295256,-19.195918530100837,19.195918530100837,-0.09338957341302684,-0.044857571402190904,0.07108920462354396,-0.1341986408014175,0.027362892649254206,0.6293458938598633,0.33823184554053004
"1841,3652",2017,16.64833900855178,0.1114161074993271,-0.2353792262470447,-0.1129718388994931,0.2405022001921051,0.4722809128546264,15.32436752319336,0.0285835274190133,Hewagama,2016.0,35.83532878399114,-19.186989775439358,19.186989775439358,-0.4496747989713492,-0.03549304487493879,0.36508161195230643,-0.0996990129676269,0.34472254643546774,-0.29858875274658025,-0.4527842473004445
"1840,3620",2018,34.48697550162788,0.709297585854715,-0.2320268966697043,-0.6445998904751976,0.4546108200139017,0.1435528599352631,6.292846186983082,0.8386970785814715,Hokandara East,2017.0,15.538755513840046,18.948219987787837,18.948219987787837,0.684451457709272,-0.06341319012263871,-0.6056655232793562,0.2465241820021131,-0.6654324250730305,1.2677174172090773,0.8386970785814715
"1841,3620",2017,16.96656804479831,0.0353414952929858,-0.1513070928106717,-0.0468664861954218,0.2196011367022846,0.7123648548700464,5.487368574080215,0.0,Hokandara East,2016.0,35.83506301759379,-18.868494972795478,18.868494972795478,-0.6258251828676049,0.023760403619243392,0.5721937086896892,-0.19606818168331902,0.5584699422968061,-2.4107311732028274,-0.8277109381143349
"1840,3621",2017,18.43582053026624,0.1366379056562563,-0.1759207517798001,-0.150656579291935,0.2792638961648555,0.4888579129282352,5.481618914952445,0.0354446475403321,Hokandara East,2016.0,37.251960869922925,-18.816140339656684,18.816140339656684,-0.4588649719737413,-0.0358078940654207,0.42123573229426203,-0.09472572907597471,0.3369939133034603,-2.3465178682269237,-0.5460542001112613
"1838,3617",2017,14.849862135505742,0.0326057621365254,-0.1453702144760818,-0.040522299052581,0.1781842006243126,0.682567880101385,3.736480509070797,0.0,Hokandara South,2016.0,33.66400017143608,-18.814138035930338,18.814138035930338,-0.6004571429029896,0.042421049444933884,0.5274270284288792,-0.2313993870878369,0.5147615795056606,0.3607110384159711,-0.6440839694656488
"1840,3617",2017,16.982115887251442,0.0384079030188491,-0.1661180243673552,-0.0467273377182939,0.2106317574794516,0.6427661180494648,3.5339934623847564,0.0,Hokandara East,2016.0,35.75663632620169,-18.77452043895025,18.77452043895025,-0.5540136647922289,-0.015336057738035314,0.5266912380402315,-0.1867821096875302,0.4740316197490926,0.2822062331773729,-0.4980863860032806
"1810,3634",2020,21.503582730215367,0.0894208613043628,-0.1146835584897437,-0.0980784441143136,0.1977630913923061,0.5650005429818704,12.469999313354492,0.0,Subhoothipura,2019.0,40.21387174307456,-18.710289012859196,18.710289012859196,-0.31047606530515814,-0.061616484456188295,0.3221268714358231,-0.009761582102178396,0.4393859371902703,-2.530000686645508,-0.0686586141131595
"1832,3615",2017,19.28047924511632,0.2334216324857963,-0.0700769574172044,-0.170904370645682,0.1858111520777179,0.181899916262284,7.02546501159668,0.0,Hokandara South,2016.0,37.964330431162814,-18.683851186046493,18.683851186046493,-0.1949183973231057,-0.05064970062632311,0.27546817924856215,-0.082692379821967,0.037584747108282884,0.9815597534179688,0.0
"1841,3632",2020,45.11647094603042,0.5284759120467761,-0.1129754145489408,-0.5324704458940883,0.3168182974937684,0.1634045343804529,5.730000019073486,0.6655314430540155,Malabe East,2019.0,26.471033241069254,18.645437704961164,18.645437704961164,0.3215135020207872,-0.0034191696905336993,-0.31628401283131663,0.040290396134737394,-0.1998393815782775,-0.309999942779541,0.6655314430540155
"1835,3615",2018,34.13630115728598,0.6473983036466278,-0.1627505069118938,-0.605687843809371,0.4147959757107128,0.1825051114484019,6.074999809265137,0.8720884013037602,Hokandara South,2017.0,15.496761253875524,18.63953990341045,18.63953990341045,0.5898569119124728,0.006809359259701497,-0.5453817285410748,0.2216050936381795,-0.3613338445011778,0.6156139373779297,0.8720884013037602
"1841,3652",2018,35.20087501420707,0.5364455766764492,-0.1798432879864722,-0.4566897930681511,0.3315322400357162,0.1278683982091115,14.710000038146973,0.609570188439551,Hewagama,2017.0,16.64833900855178,18.55253600565529,18.55253600565529,0.42502946917712214,0.05553593826057249,-0.343717954168658,0.09103003984361108,-0.3444125146455149,-0.6143674850463867,0.5809866610205378
"1830,3641",2018,37.210382809631845,0.4982682897723942,-0.0827599681800758,-0.5100788586811342,0.3128790466143921,0.1801946683883318,5.835000038146973,0.275932150394747,Thalahena North,2017.0,18.66651418119442,18.543868628437426,18.543868628437426,0.02596648889128228,0.0913547221600145,-0.04875513882476934,0.10526619374712168,0.0011867561238584068,0.4678783416748047,-0.4123348706323772
"1837,3617",2017,15.103262867118792,0.0393359570146924,-0.1443987461765092,-0.0434297722676793,0.202314957830133,0.6229771203597032,3.9427950382232666,0.0,Hokandara South,2016.0,33.64653958656066,-18.543276719441863,18.543276719441863,-0.6008432515920401,0.0139532228249101,0.5375675761682438,-0.1674138456601086,0.482009712608676,0.3799061775207524,-0.6976466846875496
"1842,3621",2017,18.479543370542817,0.0897558151033694,-0.1373122345789678,-0.0969022220508511,0.2926946823282503,0.5425306967963038,6.184972576237461,0.0,Hokandara East,2016.0,37.014506133756655,-18.534962763213837,18.534962763213837,-0.573435656761591,0.0575471678009323,0.5175299357167228,-0.13224871494106838,0.3896223158884454,-3.2469590362225045,-0.7711992370658824
"1828,3641",2017,19.21725837121484,0.5038095079498632,-0.1377484373224664,-0.4805653335668452,0.22626832840715,0.1886602709779949,5.526281356811523,0.8033868659564318,Thalahena South,2016.0,37.57811478172048,-18.36085641050564,18.36085641050564,0.04677935493738283,-0.03865413356514889,-0.03978524141820411,-0.09631309115966341,-0.014307483650837588,0.441697120666503,0.6547940849101607
"1840,3616",2017,17.517319793033888,0.0582568197690174,-0.1609652792079153,-0.0637683857745899,0.202941967188768,0.5781201137741043,3.591717934225564,0.0,Hokandara East,2016.0,35.874250018696145,-18.356930225662257,18.356930225662257,-0.5852246225575636,0.016641546328359375,0.5513345902599958,-0.20599928388314848,0.4166856654000686,0.30406988266068424,-0.695977102878041
"1829,3641",2018,38.11164760008112,0.4055794308390987,-0.0804412700238527,-0.4446577999400773,0.2762613190520279,0.2079661606070914,6.091679182671407,0.1793893129770991,Thalahena North,2017.0,19.776646335777688,18.335001264303433,18.335001264303433,-0.07635466884774261,0.10926059792715628,0.028395224907068195,0.022159415594655008,0.0219373679115622,0.6224249751513247,-0.5238549618320609
"1829,3641",2017,19.776646335777688,0.4819340996868413,-0.189701867951009,-0.4730530248471455,0.2541019034573729,0.1860287926955292,5.469254207520082,0.7032442748091601,Thalahena North,2016.0,38.09919340713739,-18.322547071359704,18.322547071359704,-0.06754271871512207,-0.06764761736197629,0.0492938549883436,-0.1015634759503537,0.022197331436089096,0.5089319625883615,0.27011768447837137
"1841,3617",2017,16.921463110677305,0.0398866629198748,-0.1710454306523973,-0.0532190806164949,0.2062123160635568,0.6234585080386341,3.455953598022461,0.0,Hokandara East,2016.0,35.23806061808764,-18.316597507410332,18.316597507410332,-0.6818068868948938,0.08014390097680602,0.6072087712573122,-0.2680363026431801,0.468071329110184,0.21335721015930176,-0.9113350519490664
"1838,3638",2018,39.31195047190365,0.6057379945843766,-0.1249694686147827,-0.5794855839032527,0.390646826041946,0.1477508311298298,5.867242575279239,0.64430490422065,Malabe North,2017.0,21.029517351447428,18.282433120456222,18.282433120456222,0.4506144587724259,0.06155172939442721,-0.47630920749258016,0.1644572288742201,-0.08699611085735298,0.12611102091376214,0.64430490422065
"1836,3614",2018,35.32242624758984,0.6572409633426265,-0.199438878730932,-0.6210633410266573,0.3875091368926195,0.1689006856682217,5.627028663361103,0.9167397020157756,Hokandara South,2017.0,17.07551370480283,18.24691254278701,18.24691254278701,0.572065053917435,0.0246930229971406,-0.538643998138796,0.1468490694999904,-0.287154889288906,0.5263535610737238,0.9167397020157756
"1849,3611",2020,17.020626737667552,0.0507242345563656,-0.1505336876387331,-0.0513051722063383,0.179908945148085,0.5775012636382157,4.894451896093711,0.0,Athurugiriya South,2019.0,35.21343938860005,-18.1928126509325,18.1928126509325,-0.4368579557854199,0.027489290982502496,0.38534083548391,-0.020449018426714205,0.4730829723748272,-0.3521265820200661,-0.5048096033070988
"1836,3615",2018,35.804259236862535,0.5973980040829653,-0.1310841112406756,-0.5771604171473733,0.380586997814051,0.1739386207094219,5.508374534540809,0.8172060109724101,Hokandara South,2017.0,17.653084022663606,18.15117521419893,18.15117521419893,0.4792007774930932,0.052235532285406394,-0.4687112173062728,0.16105740138983488,-0.20371099187332803,0.5027111629295904,0.8020990697304606
"1840,3618",2018,34.913813255151474,0.6399547967156668,-0.1693407207303275,-0.5806902590100902,0.3108691522800262,0.1474947662088543,4.2658749375120015,0.802417110598712,Hokandara East,2017.0,16.85448323051285,18.059330024638623,18.059330024638623,0.5516671800208854,-0.029102666573796704,-0.49388083634775,0.071441343545879,-0.43330792263495455,0.27082633725730654,0.775065595929077
"1837,3616",2018,35.9266835197724,0.6625654169527443,-0.1754392623751383,-0.6114855849879479,0.4235598189913129,0.1610189287762924,4.476606123078057,0.9228535551718724,Hokandara South,2017.0,17.88558772396799,18.041095795804413,18.041095795804413,0.6057056892606812,-0.018268091584963703,-0.5564863933747323,0.2272614208029101,-0.34021512296680345,0.4578683924364384,0.9228535551718724
"1838,3620",2017,17.96416460462412,0.1241303068251889,-0.1843108275113007,-0.1202187168373126,0.2024709324356174,0.4430209486475078,4.601515085840002,0.0145634889396205,Hokandara East,2016.0,36.00223763921751,-18.038073034593392,18.038073034593392,-0.5333516402846027,0.0005246601851588983,0.49132535144575834,-0.1903788845516762,0.29897266546946877,-0.19291131355476754,-0.7905219239549712
"1839,3637",2017,20.320547475835937,0.0465169953882293,-0.1414584731347743,-0.0458282474012322,0.1734517462075626,0.536307165796027,6.234842985704979,0.0,Malabe North,2016.0,38.35818843146198,-18.037640955626046,18.037640955626046,-0.45866085217365493,-0.0462510246463633,0.4575000011480375,-0.11325484936990399,0.4010139334443713,-0.5493012362400611,-0.2559821925431274
"1836,3614",2017,17.07551370480283,0.0851759094251915,-0.2241319017280726,-0.0824193428878612,0.2406600673926291,0.4560555749571277,5.100675102287379,0.0,Hokandara South,2016.0,35.08649299852764,-18.01097929372481,18.01097929372481,-0.6152214637608983,0.017248390598335217,0.562430274978894,-0.2238657839108487,0.29376018956770555,0.9535392369229374,-0.8080631025416302
"1841,3622",2017,19.50025120466044,0.2517917129424146,-0.1577443447955691,-0.2421593450771748,0.2612577679997741,0.289215105644389,10.601533031389176,0.085167837626854,Hokandara East,2016.0,37.459576103906336,-17.959324899245896,17.959324899245896,-0.3545958667731816,-0.02053108270713369,0.32876620192740863,-0.11551584174718565,0.1411655456985652,-1.625510406643036,-0.4792349726775955
"1848,3611",2021,36.19495213168616,0.56934542868321,-0.1264177760723375,-0.5428349437430928,0.3739098419553353,0.1628907630161238,6.593296909173064,0.4400190794180775,Athurugiriya South,2020.0,18.23637941564514,17.95857271604102,17.95857271604102,0.47037553282352274,0.028430007475423985,-0.4496990437040042,0.1117025333935705,-0.267421641669335,1.1267787943357144,0.4400190794180775
"1836,3615",2017,17.653084022663606,0.1181972265898721,-0.183319643526082,-0.1084491998411005,0.2195295964242161,0.3776496125827499,5.005663371611218,0.0151069412419495,Hokandara South,2016.0,35.58790620752963,-17.93482218486602,17.93482218486602,-0.5140027993924335,-0.013563383939191098,0.47817763977106426,-0.1802036599277016,0.22000154385442353,0.9889954901503621,-0.6989743181998889
"1833,3615",2017,19.94249914356566,0.1795124192227252,-0.1349285671465574,-0.1370035831118629,0.1600827878340086,0.318634729079387,6.98883069979947,0.0930881786676934,Hokandara South,2016.0,37.87108143448594,-17.92858229092028,17.92858229092028,-0.3944042992299729,-0.018016744902749307,0.4114447048801423,-0.19097403849619848,0.1752106347013437,0.9777729171581093,-0.4373315363881398
"1838,3638",2017,21.029517351447428,0.1551235358119507,-0.1865211980092099,-0.1031763764106725,0.2261895971677259,0.2347469419871828,5.741131554365477,0.0,Malabe North,2016.0,38.95173093801764,-17.922213586570212,17.922213586570212,-0.4625452003050078,-0.035784777186743,0.47845502602768936,-0.15806823194443137,0.0871079981006542,0.33523591157315824,-0.5927191797154437
"1848,3611",2020,18.23637941564514,0.0989698958596873,-0.1548477835477615,-0.0931359000390886,0.2622073085617648,0.4303124046854588,5.46651811483735,0.0,Athurugiriya South,2019.0,36.14282698703078,-17.90644757138564,17.90644757138564,-0.4624286621645528,4.973011826550633e-05,0.4371067446099242,-0.05144299469126501,0.275340119428382,-0.25782000316289366,-0.5411399952301452
"1840,3631",2020,43.87784905329203,0.6172602531807642,-0.1713557831551931,-0.5927157813492966,0.3854505422682896,0.1571006901833281,5.910729755822941,0.8910607866507746,Malabe East,2019.0,25.97467284572588,17.90317620756615,17.90317620756615,0.48473947070151224,-0.05013150375008579,-0.4549508019518086,0.13420362702760652,-0.2996006416385313,-0.15515700599055293,0.8910607866507746
"1841,3620",2018,34.84414684714793,0.6501819847106671,-0.1829906797895641,-0.5867374290846854,0.3743244426445097,0.1392822429424404,7.252232537926149,0.8163875127781708,Hokandara East,2017.0,16.96656804479831,17.87757880234962,17.87757880234962,0.6148404894176813,-0.0316835869788924,-0.5398709428892636,0.1547233059422251,-0.573082611927606,1.7648639638459338,0.8163875127781708
"1810,3634",2021,39.37047109802132,0.4900488499338867,-0.0856247823510978,-0.4707169594303559,0.2613484146654061,0.1292216775430524,14.985000610351562,0.1389860139860139,Subhoothipura,2020.0,21.503582730215367,17.866888367805952,17.866888367805952,0.40062798862952387,0.029058776138645895,-0.3726385153160423,0.06358532327309999,-0.43577886543881805,2.5150012969970703,0.1389860139860139
"1838,3637",2017,21.061535814621635,0.1891408345423673,-0.1525044767348915,-0.1288510799997253,0.2085470313703692,0.227340843843496,5.901138915621417,0.0,Malabe North,2016.0,38.8857333165946,-17.824197501972968,17.824197501972968,-0.3386914513741629,-0.059749125342150614,0.39552218930407845,-0.09444705855237931,0.08755121727636042,-0.2194220993211795,-0.3465023847376788
"1836,3617",2018,34.89908740232825,0.6660032409146122,-0.1949494027391339,-0.6072534657493421,0.4230217046800446,0.1573784502541476,4.512912871500919,0.8117048346055981,Hokandara South,2017.0,17.119885108387415,17.779202293940834,17.779202293940834,0.617093869102686,-0.048890367735493684,-0.5530962710291455,0.2576590537708342,-0.3649827726319645,0.4420035280306225,0.8117048346055981
"1839,3631",2020,44.0106505355027,0.5738805316370537,-0.1104573726772608,-0.559136706493651,0.3693501813136194,0.169357712416992,5.97010003459928,0.8583052969251233,Malabe East,2019.0,26.24168178087709,17.768968754625607,17.768968754625607,0.4277583785190703,-0.002388134545356399,-0.4057328905911712,0.12029909860659252,-0.34563424131633097,-0.18309012631577204,0.8583052969251233
"1839,3617",2018,34.15711905181697,0.6688191743459683,-0.1834820329020941,-0.6040264676632469,0.3310759010072712,0.1360626924866795,4.159999847412109,0.8858768671461313,Hokandara East,2017.0,16.439121511181554,17.717997540635416,17.717997540635416,0.6362026957934139,-0.021745692155263008,-0.5602774109294207,0.1435264599326099,-0.5415079493602634,0.5504026412963872,0.8858768671461313
"1828,3641",2018,36.88064630561934,0.4863225715026069,-0.0726431197203081,-0.5008795468279128,0.3095697993661463,0.1809428725052913,6.234999656677246,0.3793925902369215,Thalahena South,2017.0,19.21725837121484,17.663387934404497,17.663387934404497,-0.01748693644725635,0.06510531760215829,-0.020314213261067582,0.08330147095899632,-0.007717398472703585,0.7087182998657227,-0.4239942757195103
"1840,3632",2020,44.28291339202196,0.6022454947150331,-0.1429727913789346,-0.5697348982656866,0.3490750865600241,0.1498737969283003,5.848817733677669,0.8760626042742511,Malabe East,2019.0,26.636680058290327,17.646233333731633,17.646233333731633,0.4736635864782516,-0.034917091353834695,-0.43035609103976635,0.10549647819866911,-0.32414877597834435,-0.23168820286229064,0.8760626042742511
"1838,3637",2018,38.66975765332433,0.5355506311302531,-0.0762347973130061,-0.5254183446517617,0.3125747345725048,0.1405534372533502,5.773017120626658,0.5199523052464229,Malabe North,2017.0,21.061535814621635,17.608221838702697,17.608221838702697,0.34640979658788584,0.07626967942188541,-0.3965672646520364,0.10402770320213559,-0.0867874065901458,-0.12812179499475906,0.5199523052464229
"1834,3615",2018,34.348732227941795,0.4945637298834816,-0.1107804398188253,-0.4814505527227327,0.3333668879174742,0.2361949844653051,6.074999809265137,0.3275300103346846,Hokandara South,2017.0,16.74538306209397,17.603349165847824,17.603349165847824,0.40361192280632285,0.059710872188620395,-0.40498389666040446,0.15965040660481392,-0.1757237609461744,0.6156139373779297,0.3133794419270211
"1841,3618",2017,17.75825497300097,0.2834200769332272,-0.1864955795717925,-0.2718297663001395,0.3265251795887557,0.3397744217547078,4.065951317927916,0.1968034351145037,Hokandara East,2016.0,35.360392361440844,-17.602137388439875,17.602137388439875,-0.42913864386320105,0.09218921500931151,0.3876120235537515,-0.14594257798342458,0.1809909646371715,0.45234633411539305,-0.7599395674300254
"1840,3621",2018,35.9889175930716,0.6015325403621823,-0.1415292735758591,-0.5708155876941409,0.38376657649724,0.1503933160104308,7.292443848353522,0.6907732655169673,Hokandara East,2017.0,18.43582053026624,17.553097062805357,17.553097062805357,0.46489463470592596,0.034391478203941006,-0.4201590084022059,0.10450268033238452,-0.3384645969178044,1.8108249334010775,0.6553286179766352
"1831,3641",2017,19.797997589429063,0.4896992359848391,-0.2023764077632499,-0.4632957987053771,0.2357544624047526,0.1880601535849742,5.283343039443136,0.6113410919315785,Thalahena North,2016.0,37.33099374466142,-17.532996155232357,17.532996155232357,-0.10704013553192637,-0.015443542709461078,0.10433508996259394,-0.13317710450880568,0.03348412847690099,0.592224615845355,-0.010544403655393442
"1848,3610",2021,35.35310744727095,0.6447470582569284,-0.2014113321418526,-0.59522009904517,0.4297323541711785,0.1629084486940862,6.984999656677246,0.6108569308767159,Athurugiriya South,2020.0,17.825418469328575,17.527688977942375,17.527688977942375,0.5985874165106566,-0.03160038074823762,-0.5416674518482575,0.1967796098248423,-0.4451558186293938,1.3149995803833008,0.6108569308767159
"1833,3614",2018,35.01397045618015,0.4128343444896039,-0.0162634917589841,-0.4600334883384083,0.26188648917025,0.1557947770646366,7.19208037705155,0.2158385093167702,Hokandara South,2017.0,17.490203861195667,17.52376659498448,17.52376659498448,0.29592417180538166,0.1459253302917047,-0.3463033466738713,0.08764564623691157,-0.26314550587341656,0.2748304612888317,0.2158385093167702
"1838,3620",2018,35.484457791121805,0.6105684326322475,-0.1419363200195596,-0.589556803562449,0.3985362326148049,0.1821064371977045,5.075143563862833,0.6743288986853498,Hokandara East,2017.0,17.96416460462412,17.520293186497685,17.520293186497685,0.4864381258070586,0.0423745074917411,-0.4693380867251364,0.19606530017918752,-0.26091451144980327,0.4736284780228308,0.6597654097457294
"1839,3621",2017,18.722000145661173,0.0440497796532407,-0.1746167922960872,-0.0546256310624133,0.2350947610550933,0.6220674364322931,4.893542289733887,0.0,Hokandara East,2016.0,36.21783221156867,-17.495832065907496,17.495832065907496,-0.6125317747096777,0.004422180199473408,0.5492085599444406,-0.1522093659411689,0.48434740696926115,-0.9487295150756836,-0.8379688493324857
"1838,3641",2017,21.83733863877988,0.0256152896230827,-0.1844539570074613,-0.0338706077204206,0.1575068878090567,0.628932311739939,5.136999212479067,0.0,Malabe North,2016.0,39.331959391859975,-17.494620753080095,17.494620753080095,-0.5876962595198201,-0.03989022002649592,0.5400480516254901,-0.2155530402510653,0.48172003812502195,0.4740368964593866,-0.6125773357349831
"1812,3640",2020,24.01069548120764,0.0621358742802748,-0.1116541868720066,-0.0754170127234788,0.2550942197947067,0.6866048500637633,7.749497093344495,0.0,Walpola,2019.0,41.49509176355333,-17.484396282345692,17.484396282345692,-0.5024575613960797,0.0058088586754751065,0.46301348178419954,-0.078103355913477,0.5374827775898986,-0.845347204331226,-0.4317553149450722
"1831,3636",2021,36.54304549371086,0.6081007651115853,-0.1264150390651134,-0.5711087608960309,0.390014885876787,0.1507199679593426,7.760534167839079,0.4138873701476214,Thalangama North B,2020.0,19.06897474317896,17.474070750531904,17.474070750531904,0.5614693251664011,-0.0386368781030684,-0.5169780595430444,0.1996918916745364,-0.4886050428843032,0.5205807724958378,0.4138873701476214
"1837,3638",2017,21.7711586844464,0.2625529006148414,-0.1794076255649178,-0.2325814365073309,0.2494179062761404,0.2004133201812882,5.1251325607299805,0.1340910897384945,Malabe North,2016.0,39.23910733364757,-17.467948649201166,17.467948649201166,-0.34057693302337644,-0.04177905413517469,0.3406177175643381,-0.11854727983752539,0.053505873804283705,0.16851329803466797,-0.5050472935378746
"1832,3642",2017,20.267788335945,0.0716282634863254,-0.1850812491427887,-0.0743308844745462,0.2713109003376031,0.4523262897676296,5.3031049931837,0.0,Mahadeniya,2016.0,37.72473099451222,-17.456942658567222,17.456942658567222,-0.586083523460533,0.026168474977602108,0.5184636969758211,-0.12096743114501274,0.3006102700508566,0.5312367964598446,-0.7739524528901964
"1848,3610",2020,17.825418469328575,0.0461596417462717,-0.169810951393615,-0.0535526471969126,0.2329527443463362,0.60806426732348,5.670000076293945,0.0,Athurugiriya South,2019.0,35.26579556974159,-17.440377100413016,17.440377100413016,-0.604021787342397,0.0610404339908846,0.5407359847801019,-0.171153862696492,0.453891215266537,-0.5799999237060547,-0.6244590082849018
"1839,3637",2018,37.71111504667778,0.4785695627600639,-0.0581264922210846,-0.4768213541208821,0.2603009243563019,0.1318425520697381,5.986700990998182,0.3155258764607679,Malabe North,2017.0,20.320547475835937,17.390567570841846,17.390567570841846,0.4320525673718346,0.08333198091368971,-0.4309931067196499,0.08684917814873933,-0.4044646137262889,-0.24814199470679732,0.3155258764607679
"1841,3622",2018,36.8002408463794,0.6058927841269346,-0.1279531699051336,-0.5561090075276403,0.3362707444764458,0.1369843105132478,11.60307777488166,0.7675253708040594,Hokandara East,2017.0,19.50025120466044,17.299989641718962,17.299989641718962,0.35410107118452,0.02979117489043548,-0.31394966245046546,0.07501297647667166,-0.1522307951311412,1.0015447434924845,0.6823575331772054
"1840,3640",2017,22.848348970351363,0.0242357097420284,-0.1354177832775208,-0.0366805845801977,0.1481867780011783,0.7341880179755079,5.772325782063276,0.0,Malabe North,2016.0,40.12211320481082,-17.27376423445946,17.27376423445946,-0.45460676673972983,-0.0384377165734531,0.4344408301267897,-0.13459953218188803,0.5952960794981019,0.48455495364336443,-0.3062003179650238
"1840,3619",2018,35.03904167751431,0.7501611006955684,-0.2663690555386325,-0.662941797892385,0.4497717781058402,0.1436009208003527,4.280867440782432,0.926526717557252,Hokandara East,2017.0,17.8000131973044,17.239028480209914,17.239028480209914,0.7126479222590006,-0.11127492345060258,-0.6186747201151123,0.25475125115890807,-0.6133544685514823,0.17371059692543067,0.926526717557252
"1849,3612",2020,18.64912631097002,0.0778423329074516,-0.1429426348984929,-0.0765519175935688,0.2349852981772983,0.5517040733001357,4.579552614588317,0.000468603561387,Athurugiriya South,2019.0,35.87598154744141,-17.226855236471394,17.226855236471394,-0.48994198782903065,0.0317429554324582,0.45183025829910617,-0.08750831193237668,0.4146609466417474,0.07857479608941276,-0.6608872227428927
"1811,3638",2020,22.652961273904488,0.0536663178381146,-0.1154472051709558,-0.0614671526855842,0.1819026797557525,0.5744232050476177,7.340000152587891,0.0,Kalapaluwawa,2019.0,39.80243073025196,-17.149469456347475,17.149469456347475,-0.48788462259197485,0.009237928952067292,0.46704661019672244,-0.15757805024476998,0.4171567839652972,-1.1549997329711914,-0.393387904315346
"1834,3644",2017,21.087003258417063,0.0973305284727698,-0.1700056221286392,-0.0936688333030409,0.2243908823361556,0.4312026291637127,5.6018677713836125,0.0,Mahadeniya,2016.0,38.22689352099016,-17.139890262573097,17.139890262573097,-0.511525950657153,-0.01406021815329761,0.4843794666334289,-0.1383585713730229,0.2828731739803012,-0.0972648557022131,-0.7062142403051496
"1860,3628",2021,38.05841973552588,0.6587753676370249,-0.1906787472356089,-0.6082544668209418,0.4295399759730819,0.15660354631035,3.645253522207117,0.6741394387471182,Korathota,2020.0,20.927659997810647,17.130759737715234,17.130759737715234,0.561724150869043,-0.009778839228939212,-0.5186715549907457,0.1644240938424094,-0.3212250521266617,0.204844885784488,0.6598298751888069
"1840,3616",2018,34.61611837947052,0.6113956977309246,-0.1754265473617986,-0.58875893976194,0.3619254506294015,0.1589042712468293,4.2531654298314985,0.7466210844331372,Hokandara East,2017.0,17.517319793033888,17.098798586436633,17.098798586436633,0.5531388779619072,-0.014461268153883294,-0.5249905539873502,0.1589834834406335,-0.41921584252727506,0.6614474956059344,0.7466210844331372
"1842,3652",2017,20.421868727373315,0.0342305344060131,-0.2184759867689046,-0.0406355208735381,0.1818655842422976,0.6547953841306765,14.521701792558895,0.0,Hewagama,2016.0,37.50876096011246,-17.086892232739146,17.086892232739146,-0.5570404315046249,-0.0031772494787344896,0.4751580560609929,-0.1449619815779714,0.5366467818437453,-0.09231218059676038,-0.7042579578338157
"1847,3610",2020,18.75938118760015,0.0760729882595932,-0.1463981385708598,-0.0818026639660303,0.2987141103425206,0.5382967461229552,5.690565530397564,0.0,Athurugiriya South,2019.0,35.83343858245374,-17.074057394853586,17.074057394853586,-0.5895950426145367,0.06456352724561742,0.5241022488000128,-0.1380045655825375,0.3740122829719857,-0.583163853648216,-0.8747896331201616
"1842,3652",2018,37.44706308508311,0.5542774431713916,-0.19563390909713,-0.4974264566212548,0.3142928282594061,0.114217629380918,13.90639189451674,0.7067383216205044,Hewagama,2017.0,20.421868727373315,17.025194357709793,17.025194357709793,0.5200469087653785,0.022842077671774597,-0.4567909357477167,0.13242724401710848,-0.5405777547497586,-0.6153098980421543,0.7067383216205044
"1838,3642",2017,20.18939352598053,0.0328116692693693,-0.2091530874883936,-0.0396552536842911,0.2137586228637665,0.5588686871444651,4.8938218179401565,0.0,Mahadeniya,2016.0,37.20571699556456,-17.016323469584027,17.016323469584027,-0.6189916283771084,-0.02843788444757378,0.5641275375229029,-0.1987892381207757,0.40116215420204854,0.39962926219622386,-0.7966088265589099
"1830,3642",2017,20.32387817419721,0.3139293755904754,-0.2251096258447955,-0.3194731833784529,0.3167856615985348,0.2353450642033416,5.449869844223438,0.2629697306745054,Thalahena North,2016.0,37.33323149102726,-17.009353316830055,17.009353316830055,-0.3189670685757151,-0.0328616844516067,0.2766859124399751,-0.0829242404692404,0.08147720727457369,0.5745787358013121,-0.4532454119329467
"1842,3650",2017,19.77357274066089,0.1191914034899868,-0.1578465641057303,-0.1181457720172735,0.2610366579650879,0.4463863872903115,10.856027474987645,0.0,Hewagama,2016.0,36.77821629627828,-17.004643555617392,17.004643555617392,-0.4577563863783606,-0.03031389878731941,0.4287619920269302,-0.0876361012045142,0.3013473945523793,0.1592009231507081,-0.4909090909090908
"1840,3652",2017,17.915272064153537,0.0945829350227735,-0.1911447674053355,-0.1055189641918241,0.2069810468658531,0.5560462148529329,16.926675104742376,0.0398737331782688,Raggahawatta,2016.0,34.90218011526834,-16.9869080511148,16.9869080511148,-0.4304456395886358,0.0312823678107976,0.3386477996672725,-0.06316861722865597,0.45401723062214083,-0.692774365284567,-0.4631998670875561
"1873,3638",2021,40.88681835913966,0.3680677959358891,0.0102845423953902,-0.3464627847112826,0.2745623291842933,0.2031966204352827,5.437966374389956,0.0734994514966306,Ranala,2020.0,23.90138042414671,16.98543793499295,16.98543793499295,0.21115253229132633,0.1272491393834346,-0.1788082046924976,0.052141158612629496,-0.18476721601241913,-0.19943467660152692,0.053518257326437904
"1842,3650",2018,36.75781085197789,0.569855180176586,-0.1177877257763603,-0.552736012391422,0.3452720175363931,0.1540647593824888,11.90178512693865,0.7346245059288538,Hewagama,2017.0,19.77357274066089,16.984238111316998,16.984238111316998,0.4506637766865992,0.04005883832937,-0.4345902403741485,0.08423535957130518,-0.2923216279078227,1.0457576519510052,0.7346245059288538
"1832,3642",2018,37.22514050520474,0.5363902099187083,-0.1257640330707838,-0.57053688362832,0.3389989536520525,0.1873931271164899,5.6335377948333605,0.5704062972091913,Mahadeniya,2017.0,20.267788335945,16.957352169259742,16.957352169259742,0.46476194643238294,0.05931721607200491,-0.49620599915377384,0.06768805331444944,-0.26493316265113975,0.3304328016496605,0.5704062972091913
"1837,3638",2018,38.71014449110883,0.5896632089238506,-0.1129085039478081,-0.5741535118042915,0.3848898065021638,0.1505855067399471,5.324999809265137,0.6986726015420077,Malabe North,2017.0,21.7711586844464,16.938985806662426,16.938985806662426,0.3271103083090092,0.06649912161710969,-0.34157207529696065,0.1354719002260234,-0.0498278134413411,0.19986724853515625,0.5645815118035132
"1812,3639",2020,23.46646297954783,0.0413801301993671,-0.1388635999252729,-0.0476608453629941,0.1816000558440543,0.5954438887812276,7.590707751191903,0.0,Walpola,2019.0,40.38683915443715,-16.920376174889316,16.920376174889316,-0.6569004974628189,0.1100538351088598,0.5977652238705016,-0.3057330731146138,0.42037872280770205,-0.39814649445798267,-0.8226566179934054
"1839,3617",2017,16.439121511181554,0.0326164785525543,-0.1617363407468311,-0.0437490567338261,0.1875494410746613,0.6775706418469428,3.609597206115722,0.0,Hokandara East,2016.0,33.35539737876869,-16.91627586758714,16.91627586758714,-0.559777906002449,0.003298254828026592,0.5099663444889149,-0.1976443713989587,0.5053754046364234,0.34890604019164995,-0.597723859954161
"1849,3612",2021,35.5220627145923,0.5518436200802713,-0.146944923839095,-0.5223965272621618,0.3620856652124328,0.1585853448834963,4.945062095021796,0.5913776944704778,Athurugiriya South,2020.0,18.64912631097002,16.872936403622283,16.872936403622283,0.47400128717281975,-0.004002288940602089,-0.44584460966859296,0.1271003670351345,-0.3931187284166394,0.3655094804334791,0.5909090909090908
"1850,3610",2021,34.63688554268175,0.7384119262025121,-0.2798043877271535,-0.6569211130573599,0.4792781954574956,0.154773482129228,5.050000190734863,1.0,Athurugiriya South,2020.0,17.807267380258498,16.829618162423255,16.829618162423255,0.7029948669556462,-0.1291417642248274,-0.6171475921656714,0.2945970743950608,-0.5345085167529541,0.24000024795532227,1.0
"1836,3619",2017,17.914994736562985,0.2151638988384634,-0.1651374101233902,-0.1817919408590496,0.227019999429572,0.2790168435178128,4.318780973970284,0.0692289517208789,Hokandara South,2016.0,34.707818524230944,-16.79282378766796,16.79282378766796,-0.47873745876009177,0.07135184630640129,0.4133656590750385,-0.09339340731499582,0.1781179693427256,0.5898643709631739,-0.8160982909348666
"1810,3635",2020,24.26242053274341,0.1287612449036045,-0.1024916708327318,-0.137054368270738,0.1961756101352919,0.5467718684059192,12.02151703907126,0.0,Subhoothipura,2019.0,41.04765444298932,-16.78523391024591,16.78523391024591,-0.33169525246742926,-0.066826964559278,0.33144718376476545,-0.07149997473824649,0.3963683649852806,-2.191007015678867,-0.1501288156764774
"1838,3615",2018,36.44927409434265,0.7013574067260798,-0.2118446438097271,-0.6475909872638389,0.4724749090840432,0.1690483712661705,5.083082492440373,0.9601593625498008,Hokandara South,2017.0,19.66495671601594,16.78431737832671,16.78431737832671,0.6570854762633239,-0.0610491043538304,-0.5981506976874399,0.2567500068007771,-0.44282516377221165,0.6000984819333404,0.9601593625498008
"1841,3631",2020,43.99318406447785,0.602968058867895,-0.1638352405390905,-0.5748496778537919,0.4191138998099269,0.1671103053725436,5.841920560010005,0.7145922746781116,Malabe East,2019.0,27.23688542014308,16.756298644334773,16.756298644334773,0.4683315539106364,-0.043454427441587784,-0.431599672733932,0.16248943469146532,-0.2918336702826897,-0.12346583272254197,0.7145922746781116
"1831,3642",2017,18.73297129706632,0.2264409170563482,-0.1769969607105854,-0.2113547627262487,0.2791151964858658,0.2711339853401389,5.436775781141972,0.1025600254412466,Mahadeniya,2016.0,35.47913989615043,-16.746168599084108,16.746168599084108,-0.4563415730503868,0.024843624813429083,0.4197450897199236,-0.1515846362746775,0.11412706496696828,0.5706141764607002,-0.7263475910319606
"1839,3642",2017,19.99779113689045,0.0255000305461859,-0.2003369774902332,-0.0323585029652982,0.1853443242451372,0.5677422154724376,5.012130106093061,0.0,Mahadeniya,2016.0,36.73717545559227,-16.739384318701823,16.739384318701823,-0.6064343315705241,-0.02408035635433059,0.562019672455365,-0.204815748996155,0.4058979589724806,0.3711383706990885,-0.6708508778898862
"1859,3628",2021,38.35381272446211,0.6453057732013956,-0.2207774594068494,-0.5980683957638511,0.4296098867132935,0.1661702219252631,3.8550000190734863,0.731812037846863,Shanthalokagama,2020.0,21.622980407163883,16.730832317298226,16.730832317298226,0.5503353282561633,-0.03063416257306631,-0.5010398084925272,0.2000380595665034,-0.326404814854277,-0.04500007629394576,0.7182953009461713
"1839,3641",2017,22.638371857255983,0.046238599832785,-0.1434845670193139,-0.0562052500298804,0.2158227685828123,0.6640261185328817,5.393198013305664,0.0,Malabe North,2016.0,39.344536341625805,-16.706164484369822,16.706164484369822,-0.47542669769962964,-0.0750232257922687,0.45475787572578985,-0.09474619248017663,0.5139229287427629,0.40785980224609375,-0.2844760268624082
"1838,3641",2018,38.53570635037985,0.6181489396617149,-0.1427639578326598,-0.5692353244465083,0.2958495656548441,0.1348905154939713,6.36116119450191,0.6721747983397288,Malabe North,2017.0,21.83733863877988,16.698367711599968,16.698367711599968,0.5925336500386322,0.04168999917480151,-0.5353647167260877,0.1383426778457874,-0.4940417962459677,1.224161982022843,0.6721747983397288
"1840,3617",2018,33.67577255401392,0.5616585347630646,-0.121144323646577,-0.5536605635397343,0.3193787760926151,0.1502771897524863,4.206746835015131,0.5818167616964774,Hokandara East,2017.0,16.982115887251442,16.693656666762475,16.693656666762475,0.5232506317442155,0.044973700720778206,-0.5069332258214404,0.10874701861316352,-0.49248892829697855,0.6727533726303743,0.5818167616964774
"1839,3621",2018,35.4028862299142,0.6227791949097736,-0.1442386520576816,-0.5888499012578085,0.3785345691356278,0.1446147331076895,5.904999732971191,0.8369357914812462,Hokandara East,2017.0,18.722000145661173,16.68088608425303,16.68088608425303,0.5787294152565329,0.0303781402384056,-0.5342242701953952,0.14343980808053447,-0.47745270332460366,1.0114574432373047,0.8369357914812462
"1832,3636",2021,36.4472811948686,0.5917783063421045,-0.1297788396787686,-0.5688471170492888,0.3764744924921116,0.1518901728697869,6.960000038146973,0.4494515034330358,Thalangama North B,2020.0,19.77139094488676,16.67589024998184,16.67589024998184,0.5346424936824574,-0.021852547565072905,-0.5091485326792025,0.19821609128898623,-0.4060653711337173,0.6599998474121094,0.4494515034330358
"1837,3616",2017,17.88558772396799,0.056859727692063,-0.1571711707901746,-0.0549991916132156,0.1962983981884028,0.5012340517430959,4.018737730641619,0.0,Hokandara South,2016.0,34.5534863396955,-16.667898615727513,16.667898615727513,-0.5177586430381426,0.007028905447502898,0.4861985251532313,-0.18297532799230068,0.3402221784455692,0.4353109550446148,-0.5030607439962328
"1833,3644",2017,19.868307472417754,0.0698615336191709,-0.2028007549906578,-0.0795884305346852,0.2700338648394097,0.5605820045483908,5.554222685073065,0.0,Mahadeniya,2016.0,36.45142915334766,-16.583121680929906,16.583121680929906,-0.6195265662616128,0.023379126795499583,0.5451220565170116,-0.17641363863733217,0.4051619853507056,0.6342359561265276,-0.8958830074709903
"1849,3611",2021,33.540089399150965,0.4623903485568984,-0.1213676281191848,-0.4417462305557707,0.2848082215819412,0.1371327520781259,5.380413811520879,0.4135463868352012,Athurugiriya South,2020.0,17.020626737667552,16.519462661483413,16.519462661483413,0.4116661140005328,0.029166059519548287,-0.39044105834943243,0.10489927643385619,-0.4403685115600898,0.4859619154271675,0.4135463868352012
"1838,3616",2018,34.857106854522925,0.758991782190918,-0.2795087244046458,-0.6802235100769058,0.4608370396860222,0.1612160786530102,4.310150853512245,0.9931615776081424,Hokandara South,2017.0,18.34436685594468,16.512739998578244,16.512739998578244,0.7210625408855078,-0.1289419401158595,-0.6337609878427508,0.25922946428806937,-0.5267251473924364,0.5211367796698911,0.9931615776081424
"1840,3652",2018,34.4071776773883,0.5114563080827388,-0.1838611327766231,-0.4383394457881057,0.2534218922517982,0.1051127768251586,16.20666130612233,0.4607077587639143,Raggahawatta,2017.0,17.915272064153537,16.49190561323476,16.49190561323476,0.4168733730599653,0.007283634628712399,-0.3328204815962816,0.04644084538594506,-0.4509334380277743,-0.7200137986200446,0.4208340255856455
"1874,3638",2021,36.262912815296175,0.5386929559985416,-0.140726280758662,-0.506213217830928,0.3563933958157031,0.1669142835398005,5.524999618530273,0.4472996515679443,Ranala,2020.0,19.78555542505228,16.477357390243895,16.477357390243895,0.4905686099528423,-0.013251995111090403,-0.4460745599828272,0.16014846645914163,-0.399880154068013,-0.07000064849853516,0.4472996515679443
"1831,3635",2021,36.96815333272253,0.6080280300549505,-0.1185314368004188,-0.5672014204398017,0.3957554323882046,0.1530726016623018,8.933162193880364,0.4887952956134774,Thalangama North B,2020.0,20.512250320802625,16.455903011919904,16.455903011919904,0.5139897893347529,-0.042211412378152804,-0.4625236123852974,0.13569093772801671,-0.4020717535257556,0.5882522574065128,0.4887952956134774
"1838,3642",2018,36.624848856829125,0.6116709395488652,-0.1749622193497185,-0.5780363002860333,0.3335956489509918,0.1487706869824898,5.708244593941971,0.6761746295856114,Mahadeniya,2017.0,20.18939352598053,16.435455330848594,16.435455330848594,0.5788592702794959,0.034190868138675085,-0.5383810466017421,0.1198370260872253,-0.41009800016197534,0.8144227760018143,0.6761746295856114
"1840,3640",2018,39.26828882008111,0.4527120363944473,-0.0616498776292039,-0.4627563916608713,0.2628473068418441,0.1476244909743977,6.800210660970835,0.2293322734499204,Malabe North,2017.0,22.848348970351363,16.419939849729747,16.419939849729747,0.4284763266524189,0.0737679056483169,-0.4260758070806736,0.1146605288406658,-0.5865635270011103,1.0278848789075594,0.2293322734499204
"1835,3642",2017,21.281028840882893,0.0998519596504254,-0.1677046283818761,-0.0999365609908478,0.2244400071597081,0.4867713027734852,5.298173089485279,0.0615673099460895,Mahadeniya,2016.0,37.699592195343406,-16.418563354460513,16.418563354460513,-0.4300997771194808,-0.03434992977552631,0.446840026662195,-0.1052894286645509,0.331924331447485,0.21943249036692425,-0.2555668411594656
"1843,3652",2017,20.425768193482742,0.0364148082157591,-0.1737659087405348,-0.0432964621168732,0.192634036738906,0.6655266952025441,10.110488891601562,0.0,Kaduwela,2016.0,36.84342266401909,-16.417654470536345,16.417654470536345,-0.4787164728915381,-0.031165857793097995,0.4178292327715521,-0.08305958583887901,0.5435968174601687,1.0413227081298828,-0.3757647993643225
"1838,3633",2017,20.415843499474,0.3011474444951437,-0.1600260548049376,-0.282938380354874,0.2245468956782348,0.2579375774168474,4.738566115817492,0.2401863991785798,Malabe East,2016.0,36.78673469703027,-16.37089119755627,16.37089119755627,-0.2919464008846599,-0.0049966935897517994,0.28572865665234354,-0.11218984885654268,0.11388922053187242,0.581912697985711,-0.29089329436853334
"1825,3623",2023,24.279857246466303,0.0908780524092961,-0.0711659277441031,-0.0953372014963549,0.2318794253578184,0.4553056099243651,7.12154383384596,0.0,Wickramasinghapura,2022.0,40.64379047808888,-16.36393323162258,16.36393323162258,-0.3930394758057873,-0.051463051337815,0.3891747957894121,-0.08181571133047241,0.2896897683932826,-0.5222589804276785,-0.2651289881861287
"1836,3617",2017,17.119885108387415,0.0489093718119261,-0.1460590350036402,-0.0541571947201966,0.1653626509092104,0.5223612228861121,4.070909343470296,0.0,Hokandara South,2016.0,33.47869163007157,-16.35880652168416,16.35880652168416,-0.6224045751575775,0.0484232597412072,0.5562068754751572,-0.23113710034421678,0.3780940884757289,0.3538247955057785,-0.8621978371501274
"1811,3639",2020,24.89600652957084,0.0882708650824624,-0.1170242522544732,-0.0969605480945926,0.1896849967900252,0.5538354716244506,7.340000152587891,0.0,Kalapaluwawa,2019.0,41.237203596459246,-16.341197066888405,16.341197066888405,-0.449280625899229,-0.017622799411052395,0.43208916819718207,-0.14983524584820657,0.39201247671710576,-1.1549997329711914,-0.4007312033063106
"1841,3650",2018,36.392875723967606,0.5841999414177952,-0.1235387808444764,-0.5731493741394633,0.3743569433374444,0.1591122208855498,12.59000015258789,0.6263605307062841,Hewagama,2017.0,20.08744063929452,16.305435084673086,16.305435084673086,0.5339067880001503,0.0485149998223887,-0.5146836420392249,0.1508895918474403,-0.42853981507252836,1.1699714660644531,0.6263605307062841
"1830,3634",2021,39.84303327469881,0.4983056503735205,-0.0619040629150903,-0.4920705162685155,0.2908660847262136,0.1410421999775386,9.324999809265137,0.3632569493660918,Thalangama North B,2020.0,23.5396382587952,16.30339501590361,16.30339501590361,0.34723489834223775,0.007447473379243404,-0.35087760893846687,0.078607693740948,-0.188552640793024,0.6750001907348633,0.3632569493660918
"1849,3610",2020,17.50188237720236,0.0374426997489968,-0.1687393899125907,-0.0385109478308437,0.1806397442569386,0.5992702567384208,5.183982915949577,0.0,Athurugiriya South,2019.0,33.79915913401229,-16.297276756809932,16.297276756809932,-0.7345351493766741,0.1660928539911885,0.6206356639602381,-0.29268511205658887,0.44018895090130233,-0.5743487023823555,-0.9735718099305928
"1832,3641",2017,20.206602760434222,0.1832612431461587,-0.1939241804808017,-0.1600304285911657,0.2801811691343739,0.3081270612747771,4.431154727935791,0.0849668098399062,Thalahena North,2016.0,36.49754539393676,-16.29094263350254,16.29094263350254,-0.47128455669301694,0.01876912277143869,0.45324369126895203,-0.11951017823412047,0.14853908758382084,0.2146306037902832,-0.7567356501366652
"1850,3611",2021,34.39883952909788,0.6079932979941012,-0.1867172530727616,-0.5625062407940769,0.3906127572357639,0.1562507502990164,4.876747009148249,0.7221324717285942,Athurugiriya South,2020.0,18.13059620422925,16.268243324868628,16.268243324868628,0.5675319837948394,-0.05723410586260069,-0.5113699534904292,0.18500834848769238,-0.5951817074804986,0.22695956936844208,0.7221324717285942
"1811,3636",2020,24.25717472094415,0.0502243124953392,-0.1429222083395846,-0.0558522493875809,0.1937225464728117,0.5014897425371125,9.274999618530272,0.0,Subhoothipura,2019.0,40.51647338948424,-16.25929866854009,16.25929866854009,-0.4711417817742848,-0.04491358351261131,0.4724970765152507,-0.11090446473611518,0.33262714259883275,-0.11500072479248225,-0.4423428435190336
"1850,3612",2021,35.06950724177305,0.5727957245881297,-0.1634101177565018,-0.5391972596740231,0.3737126734071286,0.1575940723240988,4.585000038146973,0.588810086682427,Athurugiriya South,2020.0,18.811209478198585,16.25829776357447,16.25829776357447,0.5269418711081979,-0.018908506789640206,-0.4840276037474213,0.1665815009753205,-0.5425104418312124,0.2049999237060547,0.588810086682427
"1840,3629",2020,45.27261725984108,0.452937922359356,-0.0639709844220884,-0.4713057358663363,0.2998544384335965,0.1630318447024187,5.987379558512306,0.3215988556897648,Hokandara,2019.0,29.028402515348063,16.244214744493014,16.244214744493014,0.16942061540698528,0.0408844277947035,-0.18755521048132756,0.0290618921601149,-0.1322020070491454,-0.06148942799152746,0.3215988556897648
"1840,3630",2020,44.606507085039055,0.519248700417406,-0.1107778607488481,-0.5175922585396487,0.3420622505258028,0.1619165710486141,6.0069612122416,0.5844003747657713,Malabe East,2019.0,28.39757960624221,16.208927478796845,16.208927478796845,0.2990750849594843,0.008760383092688895,-0.2929459082900425,0.06246566166135831,-0.1895552188800245,-0.03596840434934734,0.5844003747657713
"1841,3650",2017,20.08744063929452,0.0502931534176448,-0.1720537806668651,-0.0584657321002384,0.2234673514900041,0.5876520359580781,11.420028686523438,0.0,Hewagama,2016.0,36.276544919021205,-16.189104279726685,16.189104279726685,-0.5324309235398007,-0.03662620054797941,0.5025251743163878,-0.1309504699207368,0.441252174361327,-0.04247283935546875,-0.5268133788829743
"1836,3619",2018,34.08699765886431,0.6020117453245549,-0.1338670610359914,-0.5769688681447526,0.3647158944165949,0.1624412793781422,4.273426833449081,0.825785618650075,Hokandara South,2017.0,17.914994736562985,16.172002922301328,16.172002922301328,0.3868478464860915,0.031270349087398785,-0.395176927285703,0.13769589498702292,-0.1165755641396706,-0.045354140521203234,0.7565566669291961
"1842,3622",2017,21.011581577414333,0.2984670819431829,-0.1566060759512204,-0.2708576780432923,0.3108124077222886,0.2862894652476219,10.386063810496374,0.201342805839644,Hokandara East,2016.0,37.16133488237022,-16.149753304955887,16.149753304955887,-0.3322779733025411,0.026767900349491308,0.31540320888807316,-0.08052857124371754,0.1358724492696064,-1.4000720349396065,-0.4573346865485205
"1842,3621",2018,34.628075156186924,0.6771805940457483,-0.2227436273413457,-0.6119679387978277,0.3800469802495611,0.1410114566236879,8.482104491611489,0.84296272748947,Hokandara East,2017.0,18.479543370542817,16.148531785644106,16.148531785644106,0.5874247789423789,-0.0854313927623779,-0.5150657167469767,0.08735229792131077,-0.401519240172616,2.2971319153740275,0.84296272748947
"1831,3641",2018,35.92621635744747,0.5743979883875538,-0.148785472637259,-0.5783256528447924,0.3544919157745492,0.1774424830327429,5.7678673348743015,0.5867374834023276,Thalahena North,2017.0,19.797997589429063,16.12821876801841,16.12821876801841,0.08469875240271474,0.05359093512599089,-0.1150298541394153,0.1187374533697966,-0.010617670552231284,0.48452429543116526,-0.02460360852925092
"1838,3615",2017,19.66495671601594,0.0442719304627559,-0.1507955394558967,-0.049440289576399,0.2157249022832661,0.6118735350383822,4.482984010507033,0.0,Hokandara South,2016.0,35.76835249641436,-16.10339578039842,16.10339578039842,-0.6466890380539347,0.05199514380302961,0.5859313881506785,-0.20791412738902618,0.46645227191002486,0.7692888460441671,-0.9237559565658934
"1858,3627",2021,37.403703089893,0.6387291858924941,-0.1680192156418416,-0.5925016814699807,0.4036987959865946,0.1518056892990677,3.996982742508601,0.7050691244239633,Shanthalokagama,2020.0,21.30860892154029,16.09509416835271,16.09509416835271,0.5623376222821564,-0.00677732769288672,-0.5074789799807463,0.1842444670971063,-0.4198117579218329,0.044791400241706913,0.6991330156994457
"1840,3622",2017,19.799394654248683,0.3806650804186515,-0.2085840225890769,-0.3566114732773704,0.2644081044550252,0.2486452467761957,8.298782302313201,0.3802263439170071,Hokandara East,2016.0,35.86041221431469,-16.06101756006601,16.06101756006601,-0.31585036781585757,0.01850251805553138,0.2818079919673453,-0.1667118118083396,0.10767034902441941,-0.895599676655058,-0.4571675573718957
"1839,3641",2018,38.687248906982674,0.5034197438988257,-0.0680059857292696,-0.4888749346590851,0.2560073622680619,0.1364348067902086,7.010000228881836,0.278775573949711,Malabe North,2017.0,22.638371857255983,16.04887704972669,16.04887704972669,0.4571811440660407,0.0754785812900443,-0.4326696846292047,0.040184593685249625,-0.5275913117426732,1.6168022155761719,0.278775573949711
"1830,3642",2018,36.312759312063264,0.548787438891733,-0.1508167392710421,-0.5632558679210377,0.3447506884656992,0.18055778328542,5.887835452921613,0.5270517200286009,Thalahena North,2017.0,20.32387817419721,15.988881137866056,15.988881137866056,0.23485806330125758,0.07429288657375338,-0.24378268454258478,0.0279650268671644,-0.054787280917921594,0.4379656086981747,0.2640819893540955
"1836,3642",2017,21.22976460470717,0.0476028303703455,-0.1909998512695807,-0.0496174951771795,0.290560546531706,0.5112796480645911,4.913426179839691,0.0,Mahadeniya,2016.0,37.16978708589412,-15.94002248118695,15.94002248118695,-0.5812405483282587,-0.003298973170035302,0.5384407828269749,-0.09407666705793583,0.3663114537749742,0.3706808208618684,-0.667577697954084
"1837,3633",2017,20.35566899166125,0.1812955331774429,-0.166268343954291,-0.1954154687593783,0.2671488316584356,0.3767146630082578,4.53760770729691,0.0459998411059029,Malabe East,2016.0,36.28359249771829,-15.927923506057038,15.927923506057038,-0.4850019058244454,0.0636672893230677,0.4004514990527608,-0.11032090737215416,0.2304341508066457,0.5693457660961454,-0.6866608405497734
"1843,3651",2018,35.79062804048148,0.5595330064313487,-0.1848248219532759,-0.4928747421189584,0.2939907790232885,0.1594099544201882,9.344459170693575,0.5191864622229284,Hewagama,2017.0,19.86888151868915,15.921746521792329,15.921746521792329,0.48393003644305255,-0.004059344193521414,-0.41320148515741084,0.053069901998912705,-0.3976556573838602,-0.5150268548929322,0.5191864622229284
"1837,3641",2017,23.18818973919246,0.0659806131312795,-0.1963335483604191,-0.060884776334286,0.2537619778163014,0.4377630140113325,4.798937797546387,0.0,Malabe North,2016.0,39.08924559021065,-15.901055851018192,15.901055851018192,-0.5302622653869665,-0.0456756571853425,0.5116081316583407,-0.1110322495010464,0.2891575734015235,0.5613594055175781,-0.4735712582465625
"1859,3627",2021,37.53125746665625,0.568056448799441,-0.1156616680829537,-0.5440173830630711,0.3679261807058003,0.156821447070453,3.8550000190734863,0.4123252362727483,Shanthalokagama,2020.0,21.63389934605328,15.89735812060297,15.89735812060297,0.5177958682579534,0.008913516007678701,-0.47872334812643913,0.1577564406323563,-0.5131344565659514,-0.04500007629394576,0.4123252362727483
"1832,3643",2017,20.609354592051886,0.0534502552179333,-0.195915773608117,-0.0637888160069305,0.2722093641217935,0.6218356880094617,5.750514507293701,0.0,Mahadeniya,2016.0,36.49016990164963,-15.880815309597743,15.880815309597743,-0.61399600931844,0.03656236794522971,0.5552087074845022,-0.16652720701364315,0.46089327874218705,0.6936917304992676,-0.7515426072014372
"1827,3650",2018,35.72329602210684,0.4413318153216506,-0.117610234220012,-0.4787363882234611,0.2676527037653753,0.1544475649912964,6.061171850606312,0.2661721068249257,Mahadeniya,2017.0,19.84864494835609,15.874651073750748,15.874651073750748,0.017884192427824797,0.056993785282757184,-0.038280539997253504,0.1076952224986745,-0.011372501391679807,-0.17539727100632696,-0.184272997032641
"1810,3635",2021,40.10209719540169,0.5033001329010233,-0.0627824831104319,-0.4894874366950593,0.2904170979794562,0.1435659024848654,14.219983718184722,0.2457646966976345,Subhoothipura,2020.0,24.26242053274341,15.839676662658281,15.839676662658281,0.37453888799741875,0.03970918772229989,-0.3524330684243213,0.0942414878441643,-0.4032059659210538,2.198466679113462,0.2457646966976345
"1833,3643",2017,20.516284651088903,0.0721819352782265,-0.1813777112404203,-0.082055715359241,0.2786337266296351,0.5504782917231493,5.750514507293701,0.0,Mahadeniya,2016.0,36.35569957474146,-15.839414923652555,15.839414923652555,-0.5851419803512862,0.016831113227676997,0.5318655615992269,-0.1519561795325018,0.3851831940781195,0.6936917304992676,-0.7908139353226058
"1836,3643",2017,20.409256515885925,0.1547089556166089,-0.1857298944455042,-0.148033946689503,0.280007634037971,0.3773938628974779,5.022828656464374,0.0342443985380581,Mahadeniya,2016.0,36.2463686634896,-15.837112147603673,15.837112147603673,-0.45511865719055344,-0.007213337791039609,0.421138989357149,-0.09188432867850116,0.23195793374066728,0.335182116972363,-0.5592722072143653
"1811,3637",2020,22.45926394836757,0.028375792237622,-0.1087704382883933,-0.041255835231281,0.1432621745663762,0.6280405319507673,9.24100985509542,0.0,Subhoothipura,2019.0,38.27825357132799,-15.818989622960416,15.818989622960416,-0.2933547121886149,-0.034550432738104805,0.2573025333359564,-0.015336916293736402,0.5232084674371196,-0.13326911239808403,-0.0970411429463658
"1860,3628",2020,20.927659997810647,0.0970512167679819,-0.1808999080066697,-0.0895829118301961,0.2651158821306725,0.4778285984370117,3.440408636422629,0.0143095635583114,Korathota,2019.0,36.74348890992847,-15.815828912117826,15.815828912117826,-0.5216130209185365,-0.005141444515551791,0.4926287389930978,-0.14713595617258413,0.3074002873930263,-0.11004215805374518,-0.6585579139836236
"1843,3651",2017,19.86888151868915,0.0756029699882962,-0.1807654777597545,-0.0796732569615475,0.2409208770243758,0.5570656118040485,9.859486025586508,0.0,Hewagama,2016.0,35.66659413127356,-15.797712612584412,15.797712612584412,-0.5189897375767474,0.006731593510359707,0.48075611642884086,-0.150902118087283,0.4002897482799245,1.0652039878616737,-0.5417494240088981
"1850,3610",2020,17.807267380258498,0.0354170592468659,-0.1506626235023261,-0.0397735208916885,0.1846811210624348,0.6892819988821821,4.809999942779541,0.0,Athurugiriya South,2019.0,33.58745677045235,-15.78018939019385,15.78018939019385,-0.7709864563577972,0.1896885427163376,0.6430801449069732,-0.2240467885209568,0.5436007708926958,-0.570000171661377,-1.0
"1858,3633",2020,44.14269489797453,0.3728599854911184,-0.0627338922707556,-0.4169807264198473,0.2950525552215824,0.1831845083317533,4.107223524287842,0.2597576329870946,Korathota,2019.0,28.37424987387396,15.768445024100568,15.768445024100568,-0.003945965783041405,0.042477666930361396,-0.027931005155464206,0.0266681016850685,0.0007511349776530007,0.03916604281747471,0.21994019515265958
"1834,3644",2018,36.85480566185792,0.5880774431918183,-0.1327297083960739,-0.5867406406427406,0.3656931789862044,0.1740623144891525,6.420976629320864,0.6123649078194534,Mahadeniya,2017.0,21.087003258417063,15.767802403440854,15.767802403440854,0.4907469147190485,0.03727591373256531,-0.4930718073396997,0.14130229665004881,-0.2571403146745602,0.8191088579372519,0.6123649078194534
"1835,3618",2017,18.63471496013515,0.1481348309997851,-0.1744244918150208,-0.1084952494102148,0.209292189209321,0.3433292625581508,4.504519134928089,0.0345759478578809,Hokandara South,2016.0,34.38188030858917,-15.747165348454018,15.747165348454018,-0.5540603740972405,0.0946772615521893,0.49213472761713606,-0.0781182519403629,0.25696520831527464,0.6571799730915355,-0.8670216993879659
"1849,3610",2021,33.24637378175122,0.694022599215884,-0.2438922339798738,-0.634537252492594,0.4706566363935589,0.1761926658140073,5.891461517488772,0.8336892685531232,Athurugiriya South,2020.0,17.50188237720236,15.744491404548857,15.744491404548857,0.6565798994668872,-0.07515284406728312,-0.5960263046617502,0.2900168921366203,-0.42307759092441355,0.7074786015391954,0.8336892685531232
"1850,3611",2020,18.13059620422925,0.0404613141992618,-0.1294831472101609,-0.0511362873036476,0.2056044087480715,0.751432457779515,4.649787439779807,0.0,Athurugiriya South,2019.0,33.858063776619346,-15.727467572390097,15.727467572390097,-0.5567199283837511,0.0672135186204178,0.5018630094609879,-0.14751394795556938,0.6023638205128115,-0.37252879002884765,-0.6916078564747893
"1816,3636",2023,31.010409204124567,0.4592749473484285,-0.0316075133067386,-0.4625230789865899,0.2877288315532612,0.1643242306472475,8.282063582491396,0.0201024832479306,Thalangama North A,2022.0,46.73289890977218,-15.722489705647614,15.722489705647614,-0.04725560399552792,-0.009508348441352198,0.03995559737820503,-0.027661562040371512,0.008603405158768396,0.560979400134058,-0.2862435947970043
"1832,3615",2018,34.98455888697679,0.3152763468119525,-0.0057439905150916,-0.347759478545004,0.2150959530854171,0.192877516594946,7.274999618530273,0.0,Hokandara South,2017.0,19.28047924511632,15.70407964186047,15.70407964186047,0.08185471432615618,0.0643329669021128,-0.176855107899322,0.0292848010076992,0.010977600332662013,0.24953460693359375,0.0
"1842,3620",2017,20.030590484871663,0.0601908630733434,-0.1364316039594416,-0.0708530306076549,0.2625903656904507,0.5973758839146645,5.536194934873772,0.0,Hokandara East,2016.0,35.717105005702955,-15.686514520831292,15.686514520831292,-0.6303366304262802,0.1036470434961122,0.5658383626225268,-0.1788315825934913,0.4446162764871173,-2.0483042715388375,-0.8434395613128827
"1839,3622",2017,19.816763901902576,0.0660889912510651,-0.1879949186307812,-0.0743903358897168,0.2616523099590117,0.57836758064718,6.128749403657594,0.0,Hokandara East,2016.0,35.45095443922597,-15.634190537323391,15.634190537323391,-0.6218109387416799,0.02886322345091691,0.5553011413946953,-0.17483190026137352,0.4261889838818671,-0.21342459856530116,-0.7992529603433204
"1840,3635",2017,22.52631759371836,0.1849464233251952,-0.1142406945714554,-0.1980764395074965,0.1956394469056445,0.3266652963693333,5.097224759961488,0.0,Malabe East,2016.0,38.15166537040947,-15.625347776691108,15.625347776691108,-0.3514832765387126,-0.026797800136902805,0.3291595628234526,-0.12628805686129008,0.18150714278642327,0.46485765972551096,-0.3282051282051281
"1838,3640",2017,23.69315472727028,0.044681955669934,-0.1386880221529396,-0.0572227961174989,0.2209692696949567,0.5979458916704737,5.254906071236856,0.0,Malabe North,2016.0,39.310349756972975,-15.617195029702696,15.617195029702696,-0.49461809518067384,-0.058360784052641806,0.4687028033522639,-0.09536844110672119,0.45282637674239157,0.4465523308904089,-0.3086645468998408
"1812,3639",2021,39.08163582969856,0.7290229784846213,-0.2483319263017102,-0.6617118109875675,0.52460898424264,0.1663472064625746,8.04912428557171,0.8832626785994662,Walpola,2020.0,23.46646297954783,15.615172850150731,15.615172850150731,0.6876428482852541,-0.1094683263764373,-0.6140509656245734,0.3430089283985857,-0.42909668231865294,0.4584165343798059,0.8832626785994662
"1827,3650",2017,19.84864494835609,0.4234476228938258,-0.1746040195027692,-0.4404558482262076,0.1599574812667008,0.1658200663829762,6.236569121612639,0.4504451038575667,Mahadeniya,2016.0,35.45597845912761,-15.607333510771518,15.607333510771518,-0.041969811191190975,-0.01736666241367779,0.02909420856913053,-0.09634777321430557,0.022916624534889796,0.38157043626824816,0.2246290801186944
"1831,3642",2018,34.321523262944844,0.5902870531362878,-0.1360724414013874,-0.6004184964190684,0.3703465259482073,0.1829855875118786,5.86544679962294,0.7013833677850215,Mahadeniya,2017.0,18.73297129706632,15.588551965878523,15.588551965878523,0.36384613607993965,0.04092451930919799,-0.3890637336928197,0.09123132946234147,-0.08814839782826028,0.42867101848096745,0.598823342343775
"1847,3610",2021,34.33679737844501,0.6532994581267957,-0.1893198271427781,-0.6123350364357003,0.4192154383041204,0.1574940503587667,7.012367569208552,0.6117468865701788,Athurugiriya South,2020.0,18.75938118760015,15.577416190844861,15.577416190844861,0.5772264698672025,-0.042921688571918304,-0.53053237246967,0.12050132796159979,-0.38080269576418846,1.3218020388109872,0.6117468865701788
"1837,3615",2017,19.518351448915283,0.0527486099362484,-0.1870024120564068,-0.0541148762349742,0.2137876633098411,0.5549438688030247,4.854823112487793,0.0,Hokandara South,2016.0,35.0909847043627,-15.572633255447414,15.572633255447414,-0.6646528163902264,0.058207224956646986,0.5931692421763475,-0.2434650444520526,0.4039600482671085,1.045285701751709,-0.9395521797610568
"1835,3642",2018,36.84615754647708,0.4945899634081755,-0.1129187914307803,-0.5273568451693305,0.3090416024493409,0.1797604328632343,5.683290945700311,0.3531525900460973,Mahadeniya,2017.0,21.281028840882893,15.565128705594187,15.565128705594187,0.39473800375775014,0.054785836951095804,-0.42742028417848266,0.08460159528963282,-0.3070108699102509,0.38511785621503236,0.2915852801000078
"1847,3611",2020,20.062991983853543,0.1551737881792712,-0.1618687819830978,-0.14124193568975,0.3044959520995144,0.3347030892728105,5.48930163599052,0.0171790235081374,Athurugiriya South,2019.0,35.61224285055065,-15.549250866697108,15.549250866697108,-0.5793972803835519,0.09362370871027653,0.5178790804470267,-0.14447351720618318,0.18173400648729732,-0.2587204582221272,-0.9169981916817362
"1832,3641",2018,35.724757898255376,0.5214761765696302,-0.1443741109418183,-0.5389271873368362,0.3161080475662244,0.1779693969390954,5.085000038146973,0.4609137055837564,Thalahena North,2017.0,20.206602760434222,15.518155137821154,15.518155137821154,0.33821493342347153,0.049550069538983416,-0.3788967587456705,0.035926878431850495,-0.13015766433568174,0.6538453102111816,0.3759468957438502
"1841,3630",2020,45.43405797312414,0.5286663002236386,-0.1077372753048267,-0.5260106694572704,0.3586673484802379,0.1671166787781137,6.014999866485596,0.5895394223263075,Malabe East,2019.0,29.92477261153397,15.50928536159017,15.50928536159017,0.2333963221434872,0.010657026257313601,-0.22606248442057436,0.048191882693319976,-0.159875996740674,0.16499948501586914,0.5895394223263075
"1837,3651",2018,36.93163071342182,0.5955765327345166,-0.1424207246748064,-0.5626282299911984,0.3646287328215882,0.1465897879986646,9.262004284819298,0.5707247298156388,Raggahawatta,2017.0,21.44068521381756,15.490945499604258,15.490945499604258,0.5319190185013224,0.0751997780432565,-0.5016557488471178,0.195656917095828,-0.32833474777898053,-0.1499144902141385,0.5707247298156388
"1812,3640",2021,39.48802193730975,0.5488240555521153,-0.1069150285778659,-0.521039983036395,0.3360748778497668,0.145814057218776,8.540664786285518,0.3152612028767881,Walpola,2020.0,24.01069548120764,15.477326456102112,15.477326456102112,0.48668818127184055,0.004739158294140691,-0.4456229703129162,0.0809806580550601,-0.5407907928449873,0.7911676929410234,0.3152612028767881
"1835,3641",2017,23.355447223874112,0.088190227620971,-0.1738830300434557,-0.0900695824055653,0.2416076267754235,0.4409267384214462,4.470000267028809,0.0289325172879739,Malabe North,2016.0,38.828407548419065,-15.472960324544953,15.472960324544953,-0.5252100555669623,-0.004808100063408899,0.4886053562251361,-0.1496028011070681,0.2854637380445969,0.17032337188720703,-0.5584611716079804
"1837,3651",2017,21.44068521381756,0.0636575142331942,-0.2176205027180629,-0.0609724811440806,0.1689718157257602,0.4749245357776451,9.411918775033437,0.0,Raggahawatta,2016.0,36.90510411859982,-15.464418904782264,15.464418904782264,-0.5492328764164426,-0.051308883825094714,0.5127698736644521,-0.2078377760272233,0.3293728869469606,-1.066923348977923,-0.5909885568976477
"1839,3642",2018,35.459663393320106,0.5698201809354587,-0.2048354671684689,-0.5559586522830073,0.3142130487761539,0.1558624289789521,6.155218155757024,0.5297529196790338,Mahadeniya,2017.0,19.99779113689045,15.461872256429658,15.461872256429658,0.5443201503892728,-0.004498489678235712,-0.5236001493177092,0.12886872453101672,-0.41187978649348556,1.1430880496639624,0.5297529196790338
"1837,3634",2017,19.18222390146975,0.4699153904219428,-0.1948040941482126,-0.4384100962806984,0.2628355230819849,0.182844610999102,4.715000152587891,0.6108551347130022,Malabe East,2016.0,34.614269759645445,-15.432045858175695,15.432045858175695,-0.21047293332022415,0.04743311144629761,0.17604525941556803,-0.14027630186965723,0.033161027223732986,0.7919607162475586,-0.19039437719640806
"1841,3635",2017,22.4105733422271,0.1652641961263474,-0.1140031523213625,-0.163799184248696,0.2273106558808583,0.3732933929907669,4.78641887502746,0.0323285959706387,Malabe East,2016.0,37.8370864952538,-15.4265131530267,15.4265131530267,-0.43058268256559923,0.02597998146267129,0.3993968082574145,-0.11127792142629572,0.23966878763537872,0.5992494327992572,-0.4411994377635482
"1839,3622",2018,35.243013163522235,0.7005570488377576,-0.2231152620432104,-0.648454427982015,0.5181623362567725,0.1921946367229862,6.295788240557793,0.9058253198760232,Hokandara East,2017.0,19.816763901902576,15.42624926161966,15.42624926161966,0.6344680575866926,-0.0351203434124292,-0.5740640920922983,0.2565100262977609,-0.38617294392419377,0.1670388369001996,0.9058253198760232
"1843,3652",2018,35.84712428876759,0.3968672207468231,-0.1025946892061528,-0.3625265273567841,0.2179845275012381,0.1244886569209298,9.489999771118164,0.1961859356376638,Kaduwela,2017.0,20.425768193482742,15.421356095284846,15.421356095284846,0.360452412531064,0.07117121953438199,-0.3192300652399109,0.02535049076233209,-0.5410380382816143,-0.6204891204833984,0.1961859356376638
"1828,3650",2017,19.15637064292742,0.500706868241254,-0.2568028095083065,-0.4629357415028237,0.2109952238629729,0.172455552767738,6.221979141235352,0.700936768149883,Mahadeniya,2016.0,34.56459667992978,-15.408226037002358,15.408226037002358,-0.13348593964858702,0.038439008897166116,0.12043278701225357,-0.17574779186958092,0.023912592783804087,0.4310331344604492,0.01873536299765821
"1811,3638",2021,38.03016250538187,0.5495361699726778,-0.115039476667901,-0.5290587265436726,0.3530301020000638,0.1559867896357165,8.559999465942383,0.3301279504092823,Kalapaluwawa,2020.0,22.652961273904488,15.377201231477379,15.377201231477379,0.49586985213456325,0.00040772850305480224,-0.46759157385808836,0.1711274222443113,-0.4184364154119012,1.2199993133544922,0.3301279504092823
"1860,3627",2021,36.278804537394166,0.7377407481113163,-0.308059073535912,-0.6559795240669805,0.4759721353204915,0.175890020419461,3.644551557184215,0.8930635838150289,Shanthalokagama,2020.0,20.903509579114218,15.375294958279948,15.375294958279948,0.676431693282334,-0.1374219287133901,-0.5892715427029045,0.2023454870218614,-0.45312736725937575,0.20568104956861832,0.8930635838150289
"1839,3630",2020,41.30816229272772,0.7047652226306119,-0.258528804665655,-0.6507695171599628,0.5317374215579352,0.185035798516834,6.0,0.9758224336107808,Malabe East,2019.0,25.990882512872776,15.317279779854946,15.317279779854946,0.5789194293896023,-0.08200328749734828,-0.5189795253257217,0.28270437911158,-0.349482568906708,-0.21000003814697266,0.9758224336107808
"1841,3629",2020,45.73664742688335,0.5183988394972365,-0.0779508179303368,-0.5226468752266795,0.3304564744718339,0.157428639605043,6.004381616329286,0.7178162746344564,Hokandara,2019.0,30.444063339071857,15.292584087811495,15.292584087811495,0.13985515051466302,0.0075684302179789,-0.14963297522819252,0.034346886097002816,-0.04488594363436771,0.1200281356598154,0.704227590591227
"1828,3650",2018,34.424420771344295,0.6372619859182118,-0.2680551323833222,-0.6080929099210625,0.4083530012017101,0.1601201089421327,6.029999732971191,0.773458235753318,Mahadeniya,2017.0,19.15637064292742,15.268050128416874,15.268050128416874,0.13655511767695783,-0.011252322875015708,-0.14515716841823878,0.1973577773387372,-0.012335443825605308,-0.19197940826416016,0.07252146760343492
"1836,3642",2018,36.49028438960491,0.587249020689654,-0.1449493747063272,-0.5738524546450828,0.3721680997852304,0.1610541290323125,5.30425967988457,0.676401686709355,Mahadeniya,2017.0,21.22976460470717,15.260519784897738,15.260519784897738,0.5396461903193085,0.04605047656325348,-0.5242349594679033,0.08160755325352442,-0.3502255190322786,0.39083350004487905,0.676401686709355
"1837,3615",2018,34.77847263965346,0.7432947488268374,-0.2598615852245384,-0.6723900424339072,0.5343271792981478,0.1801330607238063,5.319999694824219,0.9651871192341166,Hokandara South,2017.0,19.518351448915283,15.260121190738175,15.260121190738175,0.690546138890589,-0.07285917316813159,-0.618275166198933,0.32053951598830666,-0.3748108080792184,0.4651765823364258,0.9651871192341166
"1837,3641",2018,38.415287356213376,0.5747071724278723,-0.1256381771079488,-0.5568061619890428,0.3431412475300563,0.1453994056971454,5.505000114440918,0.5664891503060172,Malabe North,2017.0,23.18818973919246,15.227097617020917,15.227097617020917,0.5087265592965928,0.0706953712524703,-0.49592138565475674,0.08937926971375493,-0.29236360831418706,0.7060623168945312,0.5664891503060172
"1874,3637",2020,22.217102990619804,0.0437662046017882,-0.1545422093226359,-0.0468618091089384,0.1718272603877854,0.6477587021696808,3.495246237241305,0.0,Ranala,2019.0,37.4403773731209,-15.2232743825011,15.2232743825011,-0.6852879572455047,0.21470882326037027,0.6205691715419948,-0.34418672079781787,0.4808623192913387,-2.204645809760461,-1.0
