column,present,dtype,non_null_count,missing_count,numeric_parse_failures
grid_id,True,object,24134,0,0
year,True,int64,24134,0,0
LST_C,True,float64,24134,0,0
NDVI,True,float64,24134,0,0
NDBI,True,float64,24134,0,0
NDWI,True,float64,24134,0,0
EVI,True,float64,24134,0,0
Albedo,True,float64,24134,0,0
NDBI_ADJ,True,float64,24134,0,0
NDVI_ADJ,True,float64,24134,0,0
NightLights,True,float64,24134,0,0
green_mask,True,float64,24134,0,0
building_mask,True,float64,24134,0,0
road_mask,True,float64,24134,0,0
dist_road,True,float64,24134,0,0
dist_main_road,True,float64,24134,0,0
dist_water,True,float64,24134,0,0
LCZ,True,float64,24134,0,0
area_name,True,object,24134,0,0
