feature,pearson_with_lst,spearman_with_lst,abs_pearson,abs_spearman
NDBI,0.3254119478028014,0.38005394449333996,0.3254119478028014,0.38005394449333996
NDBI_ADJ,0.29549746183473036,0.3400554154754214,0.29549746183473036,0.3400554154754214
LCZ,-0.26467759437411387,-0.333102792401528,0.26467759437411387,0.333102792401528
dist_road,-0.07201881130809464,-0.27618437174622984,0.07201881130809464,0.27618437174622984
dist_main_road,-0.16337981538360316,-0.196505012470153,0.16337981538360316,0.196505012470153
year,-0.10748036740200373,-0.17806349403658747,0.10748036740200373,0.17806349403658747
Albedo,-0.4306229053686909,-0.17801781988617948,0.4306229053686909,0.17801781988617948
NightLights,0.15298673182039485,0.1753011250616123,0.15298673182039485,0.1753011250616123
building_mask,0.10732363855822227,0.1310241939217169,0.10732363855822227,0.1310241939217169
road_mask,0.09735850577035338,0.1147570154558079,0.09735850577035338,0.1147570154558079
green_mask,0.0488770137117803,-0.09396232700417056,0.0488770137117803,0.09396232700417056
NDVI,0.2112701061597522,-0.07686049841317807,0.2112701061597522,0.07686049841317807
NDVI_ADJ,0.23824893710846992,-0.05100668312949476,0.23824893710846992,0.05100668312949476
EVI,0.06958536193579781,-0.046054487195768434,0.06958536193579781,0.046054487195768434
dist_water,0.020859573025641242,0.039134595425977026,0.020859573025641242,0.039134595425977026
NDWI,-0.2821645779506473,0.02429140409002705,0.2821645779506473,0.02429140409002705
