year,feature,mean,median,std,min,q05,q25,q75,q95,max
2015,LST_C,38.3183404062894,38.172340421286805,2.2624739093768365,31.214261914250027,34.85168392402354,36.90009331200213,39.59191461659486,42.12381659190742,53.193236295323054
2015,NDVI,0.6322855611960003,0.66554678121696,0.1551572450279369,-0.6924596852339677,0.40728215563271475,0.5811048474730324,0.7251649440918675,0.7878253977142834,0.8677759166497278
2015,NDBI,-0.2078615955752453,-0.21335393952261988,0.09002706265969693,-0.705228524521974,-0.3399112027977485,-0.2715770423858823,-0.14610335580605632,-0.05799883446960966,0.0648814821250738
2015,NDWI,-0.5834790113328618,-0.6160778048919049,0.14292778816669752,-0.765913436071999,-0.6995340900582931,-0.6576846087831374,-0.5573440200054925,-0.3971907011194037,0.6871104649383656
2015,EVI,0.4050396237388595,0.4211014285455231,0.10587828186719617,-0.129792263484783,0.23267663981490955,0.3542729929123988,0.47431216842979723,0.5391131999740658,0.6947213026460685
2015,Albedo,0.14439340728038205,0.1485020362714014,0.02242395887511397,0.0138048910572119,0.10812402899965293,0.1406643430810594,0.15497591974790148,0.16587331364948413,0.2216656906408989
2015,NDBI_ADJ,-0.2044989048631123,-0.2120311027120219,0.06660409804077501,-0.3693215687389242,-0.3030334995134188,-0.25332207323909933,-0.15844019911068272,-0.08561062447222327,0.0110947472046323
2015,NDVI_ADJ,0.6423089426622467,0.6622450226036154,0.09233021050646957,0.0791617966137589,0.4738307605058237,0.5939061981625235,0.7081686501913815,0.7513470450555361,0.8398390537719309
2015,NightLights,3.889530271273493,3.6007749566566902,1.9731689311743277,1.29204523563385,1.5774684041336193,2.4367402828188225,4.731327829273838,7.511106436403944,14.27211570739746
2015,green_mask,0.6976251786979553,0.7685786752375715,0.2666209949689805,0.0,0.16636619874694755,0.533563614303302,0.9209181143464773,1.0,1.0
2015,building_mask,0.5154968094804011,1.0,0.4998737225299086,0.0,0.0,0.0,1.0,1.0,1.0
2015,road_mask,0.8204193254329991,1.0,0.38392530327589297,0.0,0.0,1.0,1.0,1.0,1.0
2015,dist_road,108.56554664616539,35.57640427727473,236.434692834721,0.0,13.40722186574932,20.62094890993744,70.58511108346265,541.8434911114017,1969.249964596968
2015,dist_main_road,308.96073705684086,215.6842806073692,304.3493562758641,0.0,47.34316501961583,92.44514984606845,411.28321599734943,915.6518042379568,1969.249964596968
2015,dist_water,1790.3376224476526,1822.1072786154734,1071.1883123746684,0.0,83.5916293976929,885.5791246686211,2641.6136970762977,3541.9698125763307,4175.450888860844
2015,LCZ,7.174795467441893,6.0,1.8970349863839302,4.057771773680865,6.0,6.0,8.54136968726474,10.861439932854212,17.0
2016,LST_C,36.52370040325415,36.255776109583024,2.012538726241344,29.931916644204364,33.63592737538925,35.23553239810582,37.61456610049326,40.242023427007396,51.07347888021932
2016,NDVI,0.6154721764979457,0.6353262678504277,0.11290915877761605,0.0175691393097531,0.41845335736160977,0.5552752064314989,0.69491355031138,0.7540421623026272,0.831750073984417
2016,NDBI,-0.191744676315247,-0.1964042352626649,0.07926636718709164,-0.4467444338126859,-0.31506777871636804,-0.2474064675505129,-0.13408703476635733,-0.05700833668671314,0.1310903986857183
2016,NDWI,-0.564089520308951,-0.5880793984742673,0.10932953793614449,-0.7210118035920928,-0.6739422278561041,-0.6318981097091367,-0.5250166468361122,-0.3954735747828222,0.1379370767041222
2016,EVI,0.3799004505268111,0.3906686924317244,0.08975668935335948,0.0032346183261348,0.23221237537415648,0.32805068173216173,0.4421743667291416,0.5020914994248481,0.6015066441673433
2016,Albedo,0.14616299786683798,0.1485543269870908,0.023380235983171363,0.0192215335942389,0.11395429140083069,0.1413066984111955,0.15569930621923717,0.16815458847570608,0.4040639233979709
2016,NDBI_ADJ,-0.18912881034118512,-0.1939577212807601,0.05930085839782091,-0.3364129288930292,-0.28057636821744125,-0.2328293712233933,-0.14733846972381745,-0.0854018645115852,-0.0124598633453587
2016,NDVI_ADJ,0.6198238534080464,0.6322904200480908,0.0810528625570504,0.2170036613596325,0.47547889257541287,0.5704780461583598,0.6800523499597957,0.7282845949518468,0.8076050565852744
2016,NightLights,4.6459966493777385,4.154276541278823,2.5154699009291934,1.3648884296417236,1.7442622000857577,2.831772325425554,5.768304166498519,9.06916618347168,19.498123168945312
2016,green_mask,0.6396612272283941,0.7009936166941344,0.2873814963803004,0.0,0.10489279742218338,0.4329814965132848,0.8859992367071042,1.0,1.0
2016,building_mask,0.5154968094804011,1.0,0.4998737225299086,0.0,0.0,0.0,1.0,1.0,1.0
2016,road_mask,0.8204193254329991,1.0,0.38392530327589297,0.0,0.0,1.0,1.0,1.0,1.0
2016,dist_road,108.56554664616539,35.57640427727473,236.434692834721,0.0,13.40722186574932,20.62094890993744,70.58511108346265,541.8434911114017,1969.249964596968
2016,dist_main_road,308.96073705684086,215.6842806073692,304.3493562758641,0.0,47.34316501961583,92.44514984606845,411.28321599734943,915.6518042379568,1969.249964596968
2016,dist_water,1790.3376224476526,1822.1072786154734,1071.1883123746684,0.0,83.5916293976929,885.5791246686211,2641.6136970762977,3541.9698125763307,4175.450888860844
2016,LCZ,7.174795467441893,6.0,1.8970349863839302,4.057771773680865,6.0,6.0,8.54136968726474,10.861439932854212,17.0
2017,LST_C,31.7870858396053,32.87662612802488,4.6428938901610675,13.603582696967676,21.972626510912676,30.07315659985383,34.73417046792109,37.166497455114246,48.97951427587129
2017,NDVI,0.49524508256315625,0.5374259266496292,0.18998769570258042,0.0129013187539704,0.09864776989748826,0.3865369717529481,0.6431752784126223,0.7277583468349407,0.8623810456496727
2017,NDBI,-0.18789017351297105,-0.1870815712758952,0.06809207659285715,-0.4336682326758085,-0.29875280795850556,-0.2353588655840601,-0.1413798334383873,-0.07599243528396216,0.043846388551897
2017,NDWI,-0.45004441423188635,-0.4968431545012326,0.16547458351773245,-0.7120625279104638,-0.6408417581846598,-0.5765285315371255,-0.36981292703822477,-0.0894889472869137,0.0272828882827009
2017,EVI,0.32439377297187677,0.32010943943922543,0.09575735300916557,0.0038832439333596,0.17803062161629044,0.252951203256212,0.3956483593565861,0.48350265230148926,0.6466310199395767
2017,Albedo,0.2078966475393105,0.17253425496654415,0.1085290018281744,0.0275051031311797,0.12413509475075404,0.1568919435557461,0.2033694181379003,0.4555641907448045,0.8089852850082936
2017,NDBI_ADJ,-0.18628262905235315,-0.18842130424212794,0.053127612709944684,-0.3427913231650988,-0.26907941706162414,-0.22504821247341542,-0.15540961123864316,-0.08916261284002014,-0.0166182928153645
2017,NDVI_ADJ,0.4983430619912968,0.5344948607166902,0.1627378843843158,0.0367780372565879,0.16534353932122017,0.4036979757445303,0.6239426911150068,0.6989311395482012,0.7793710100650788
2017,NightLights,5.134542106339908,4.618498403417675,2.628655838310321,1.661790370941162,2.0845319734881484,3.1699065497026737,6.336534844369641,10.396192581794786,18.434425354003903
2017,green_mask,0.6568614087212153,0.7962806876683036,0.35767356507328857,0.0,0.0,0.37366153852344985,0.979739392976323,1.0,1.0
2017,building_mask,0.5154968094804011,1.0,0.4998737225299086,0.0,0.0,0.0,1.0,1.0,1.0
2017,road_mask,0.8204193254329991,1.0,0.38392530327589297,0.0,0.0,1.0,1.0,1.0,1.0
2017,dist_road,108.56554664616539,35.57640427727473,236.434692834721,0.0,13.40722186574932,20.62094890993744,70.58511108346265,541.8434911114017,1969.249964596968
2017,dist_main_road,308.96073705684086,215.6842806073692,304.3493562758641,0.0,47.34316501961583,92.44514984606845,411.28321599734943,915.6518042379568,1969.249964596968
2017,dist_water,1790.3376224476526,1822.1072786154734,1071.1883123746684,0.0,83.5916293976929,885.5791246686211,2641.6136970762977,3541.9698125763307,4175.450888860844
2017,LCZ,7.174795467441893,6.0,1.8970349863839302,4.057771773680865,6.0,6.0,8.54136968726474,10.861439932854212,17.0
2018,LST_C,34.98617066179026,34.82141937516597,2.6677584159050327,23.20508722921276,30.935554778801226,33.37046110958464,36.628188314810046,39.54912896382395,48.824831556705625
2018,NDVI,0.5781190798854017,0.6009353061244751,0.12808393846300162,-0.0718427747722087,0.3449549412029274,0.5185747234097474,0.6644722183601477,0.7368462263736135,0.8295818086990641
2018,NDBI,-0.16480875395145944,-0.16961266019515764,0.07400602443585297,-0.3828078853297355,-0.2770899203587909,-0.22033058779758707,-0.1115000291126267,-0.0413721888661676,0.065213111962932
2018,NDWI,-0.5416604394959977,-0.5700060859860561,0.1225216226823981,-0.7269716869404845,-0.6626703407417,-0.6155449554440178,-0.506500966567052,-0.3275648057157589,0.3162894217133982
2018,EVI,0.35273656316346674,0.3573729850040489,0.08417745504136631,0.0003451560015815,0.22061117750590764,0.3037674302386988,0.4098925699750508,0.4761942859590065,0.6852300605264692
2018,Albedo,0.15745644035637935,0.15312576770273864,0.04210159943720477,0.0134449720249082,0.11414630467701291,0.14196268074810525,0.16813624793626963,0.20618044832856708,0.5608668846332393
2018,NDBI_ADJ,-0.16364540655440438,-0.16830673882111785,0.055633566463569456,-0.3449158726135889,-0.24763796125078763,-0.20339070269098783,-0.1267835221947277,-0.06547694319544618,0.0073417137505442
2018,NDVI_ADJ,0.5828767088197687,0.5981826450433444,0.08854955299559934,0.1436852707761979,0.41960800432875195,0.5341720395661541,0.6460817359396056,0.6983042433550413,0.7776383487383525
2018,NightLights,5.445763857412287,4.961794112244655,2.656170004547153,1.7200000286102295,2.179687826820308,3.4720561308693894,6.802921021313862,10.93900017738342,17.614999771118164
2018,green_mask,0.6319152988697655,0.695279122677118,0.2832591758069499,0.0,0.08884825511022514,0.42974596235274,0.8701918298535705,0.9980695451638504,1.0
2018,building_mask,0.5154968094804011,1.0,0.4998737225299086,0.0,0.0,0.0,1.0,1.0,1.0
2018,road_mask,0.8204193254329991,1.0,0.38392530327589297,0.0,0.0,1.0,1.0,1.0,1.0
2018,dist_road,108.56554664616539,35.57640427727473,236.434692834721,0.0,13.40722186574932,20.62094890993744,70.58511108346265,541.8434911114017,1969.249964596968
2018,dist_main_road,308.96073705684086,215.6842806073692,304.3493562758641,0.0,47.34316501961583,92.44514984606845,411.28321599734943,915.6518042379568,1969.249964596968
2018,dist_water,1790.3376224476526,1822.1072786154734,1071.1883123746684,0.0,83.5916293976929,885.5791246686211,2641.6136970762977,3541.9698125763307,4175.450888860844
2018,LCZ,7.174795467441893,6.0,1.8970349863839302,4.057771773680865,6.0,6.0,8.54136968726474,10.861439932854212,17.0
2019,LST_C,35.5436252198628,35.38546275346153,2.541932861613217,25.97467284572588,31.646807912516113,34.05690122412075,36.92666351964135,39.823932475211095,52.3712039790942
2019,NDVI,0.5882958070306484,0.6073748092959943,0.1263842703340506,-0.2028298796836622,0.3696388853145886,0.5198225105602401,0.6784028694270181,0.7485797982009125,0.8453306018092853
2019,NDBI,-0.18470595145608135,-0.18616260541922136,0.07446357229373828,-0.4300727445794188,-0.30198250144735883,-0.23704840921209613,-0.13121861511817018,-0.061529891872772115,0.0310095690374721
2019,NDWI,-0.5449685058009516,-0.5675812087366487,0.11930730361359843,-0.7387577595158142,-0.6693018369704197,-0.6214416716343878,-0.5009553649497654,-0.3556740014505047,0.3753351606156704
2019,EVI,0.3701326728434904,0.37212802653327093,0.09351249440820289,-0.0246101735341711,0.22360250652671312,0.3127192997451401,0.43392682801857313,0.5141809945702083,0.6620081042053791
2019,Albedo,0.16353164226279182,0.1625402084288294,0.037036010179397096,0.010696673006668,0.12024284834343073,0.15289720616292163,0.17380552059836388,0.20656777681509317,0.534518367423542
2019,NDBI_ADJ,-0.1830395846742896,-0.1866504970762513,0.05605035406738861,-0.3523711669445038,-0.2712294628259007,-0.22102465115444864,-0.1457025018031796,-0.08447334200329949,-0.0206986516541656
2019,NDVI_ADJ,0.5931247488579948,0.6058973384827402,0.0909558870300151,0.1670738427706261,0.4298857764630868,0.5403536683329481,0.6593015709900725,0.7138340621488042,0.824586497763985
2019,NightLights,6.078073561964685,5.747326433724901,2.637877340078873,1.7200000286102295,2.3983441295734074,4.189827843236898,7.605287545284264,11.190911654593851,15.675000190734863
2019,green_mask,0.5937499205325197,0.6421840066588415,0.2959825508268547,0.0,0.05994665267252038,0.361753480032235,0.8532784434103069,0.9963877609534239,1.0
2019,building_mask,0.5154968094804011,1.0,0.4998737225299086,0.0,0.0,0.0,1.0,1.0,1.0
2019,road_mask,0.8204193254329991,1.0,0.38392530327589297,0.0,0.0,1.0,1.0,1.0,1.0
2019,dist_road,108.56554664616539,35.57640427727473,236.434692834721,0.0,13.40722186574932,20.62094890993744,70.58511108346265,541.8434911114017,1969.249964596968
2019,dist_main_road,308.96073705684086,215.6842806073692,304.3493562758641,0.0,47.34316501961583,92.44514984606845,411.28321599734943,915.6518042379568,1969.249964596968
2019,dist_water,1790.3376224476526,1822.1072786154734,1071.1883123746684,0.0,83.5916293976929,885.5791246686211,2641.6136970762977,3541.9698125763307,4175.450888860844
2019,LCZ,7.174795467441893,6.0,1.8970349863839302,4.057771773680865,6.0,6.0,8.54136968726474,10.861439932854212,17.0
2020,LST_C,38.307315451437454,39.483115637362275,5.793250420510118,17.020626737667552,25.556523856160315,36.093137694614654,42.16389560965018,45.31120953024953,55.461864030226494
2020,NDVI,0.5195829111148071,0.5518595067205445,0.18333312253653347,-0.0343303081609592,0.1009224009712559,0.4330052055235719,0.6472931045436452,0.7593264405548737,0.8706288875059536
2020,NDBI,-0.17783467675941658,-0.17164404868435057,0.07804121845110384,-0.412444416617949,-0.3132597900171342,-0.23102709537100358,-0.12081380925681473,-0.059446012223920756,0.055255888071325
2020,NDWI,-0.48862527529136957,-0.5325265209899246,0.1687697420848989,-0.7648176434930762,-0.677531142084067,-0.6033997064093544,-0.43160905397916893,-0.09986114853355522,0.3450809871157011
2020,EVI,0.3421933633630607,0.33674037842316085,0.11156877571416646,-0.0002058670308759,0.17916578988388052,0.2644866546560282,0.40944773889214,0.5410392730575564,0.7407382182701534
2020,Albedo,0.1983004593721206,0.16754408905169593,0.1101442187029299,0.0032130409173937,0.09299564347679425,0.15376901066926463,0.19207429174580887,0.47021493283460153,0.8455313931921371
2020,NDBI_ADJ,-0.1772186427441323,-0.17342126774135175,0.058618498939984914,-0.3853243335088094,-0.27852393600900704,-0.21739614736000928,-0.135777107625653,-0.08520993589952314,-0.0233157498850215
2020,NDVI_ADJ,0.5229546603880469,0.5516661882176843,0.14962801355875174,0.0435956222560371,0.21433753893064514,0.44457672539602566,0.6289936286440967,0.7228090155145263,0.8138901567459107
2020,NightLights,6.1227555886919065,5.721619730565777,2.7190370403123185,1.899999976158142,2.546074145017631,4.097639384737455,7.640000343322754,11.878182783792186,16.364999771118164
2020,green_mask,0.6272946713468369,0.7229583745449817,0.3284911291878567,0.0,0.0,0.3800758662001688,0.913682589231866,1.0,1.0
2020,building_mask,0.5154968094804011,1.0,0.4998737225299086,0.0,0.0,0.0,1.0,1.0,1.0
2020,road_mask,0.8204193254329991,1.0,0.38392530327589297,0.0,0.0,1.0,1.0,1.0,1.0
2020,dist_road,108.56554664616539,35.57640427727473,236.434692834721,0.0,13.40722186574932,20.62094890993744,70.58511108346265,541.8434911114017,1969.249964596968
2020,dist_main_road,308.96073705684086,215.6842806073692,304.3493562758641,0.0,47.34316501961583,92.44514984606845,411.28321599734943,915.6518042379568,1969.249964596968
2020,dist_water,1790.3376224476526,1822.1072786154734,1071.1883123746684,0.0,83.5916293976929,885.5791246686211,2641.6136970762977,3541.9698125763307,4175.450888860844
2020,LCZ,7.174795467441893,6.0,1.8970349863839302,4.057771773680865,6.0,6.0,8.54136968726474,10.861439932854212,17.0
2021,LST_C,35.93876307708523,35.73011760412802,2.3591770967868846,27.44697816286192,32.49396397031393,34.24883001192305,37.44962206828504,40.16049428466517,51.64231861505127
2021,NDVI,0.6174080258400161,0.6339132104886678,0.1120497639579017,-0.1083139974415718,0.4360730609908733,0.5588163418288004,0.6955420076048751,0.7569584829031515,0.8446678566075763
2021,NDBI,-0.18800458280446714,-0.1889147031125571,0.08080075728983774,-0.409060782370975,-0.31359283128837584,-0.24902472932339875,-0.1298922196623364,-0.05484336137445137,0.0735025251987803
2021,NDWI,-0.5658877902888794,-0.5876993681968443,0.1105813061805659,-0.7421379457521124,-0.6751824924107638,-0.6316666933831312,-0.5306474007879014,-0.40779548288315426,0.247810460805536
2021,EVI,0.3811645517198644,0.38881248572853766,0.08876575327501636,-0.0136383827014096,0.2373158463861953,0.3335186791939885,0.4410930629473607,0.5096688986167177,0.6333706858814628
2021,Albedo,0.14941480827270798,0.15225406158167198,0.023404582553728775,0.0157643022856245,0.11723055219779864,0.14504539790219195,0.1599099590599006,0.17311703885377352,0.3232928547074474
2021,NDBI_ADJ,-0.1859314677577075,-0.18808952401177845,0.060879689708386905,-0.3436549835034421,-0.2814919271281866,-0.22869700478228408,-0.14445099594515365,-0.08423265089361295,-0.0063972570679945
2021,NDVI_ADJ,0.6224695350505416,0.6328879251568985,0.0741006028973576,0.2605847823384183,0.49305042125648374,0.5764799744639995,0.6748826579004183,0.7260664081359229,0.8265118415925474
2021,NightLights,6.4337349931947285,6.263001309104499,2.5985725094146153,2.059999942779541,2.6067075688713306,4.444999694824219,8.086773879378217,11.598288619761874,14.985000610351562
2021,green_mask,0.6014793161156098,0.6332800724638719,0.2818404943643457,0.0,0.08515510552814169,0.394438208894768,0.8465842683496962,0.9892367669580188,1.0
2021,building_mask,0.5154968094804011,1.0,0.4998737225299086,0.0,0.0,0.0,1.0,1.0,1.0
2021,road_mask,0.8204193254329991,1.0,0.38392530327589297,0.0,0.0,1.0,1.0,1.0,1.0
2021,dist_road,108.56554664616539,35.57640427727473,236.434692834721,0.0,13.40722186574932,20.62094890993744,70.58511108346265,541.8434911114017,1969.249964596968
2021,dist_main_road,308.96073705684086,215.6842806073692,304.3493562758641,0.0,47.34316501961583,92.44514984606845,411.28321599734943,915.6518042379568,1969.249964596968
2021,dist_water,1790.3376224476526,1822.1072786154734,1071.1883123746684,0.0,83.5916293976929,885.5791246686211,2641.6136970762977,3541.9698125763307,4175.450888860844
2021,LCZ,7.174795467441893,6.0,1.8970349863839302,4.057771773680865,6.0,6.0,8.54136968726474,10.861439932854212,17.0
2022,LST_C,36.8373562508471,36.90828672219508,3.3365416797858676,20.39790387526263,31.173597654280787,34.84101922235248,39.018829944874085,41.95235092668239,46.81381606465796
2022,NDVI,0.5809974847593192,0.5993185877396192,0.1249133658554564,0.0176535558801606,0.35415522878409056,0.5168619066875203,0.6696855359068073,0.7421513980156101,0.8524578939212509
2022,NDBI,-0.16763983328052662,-0.16834260692215236,0.07258278406026514,-0.3790058530899807,-0.28430374855880475,-0.21783154107576558,-0.11591303583163429,-0.04917955291351457,0.1628192576136956
2022,NDWI,-0.5319953144541804,-0.553082355530405,0.11546201922969221,-0.7416860110881144,-0.6622013297391225,-0.6078509590086174,-0.49005019617705337,-0.3281958189081801,0.1652882944885911
2022,EVI,0.3530074825063733,0.3525097445471834,0.08754740116781458,0.00715890364807,0.22099286358547915,0.2974053131019876,0.4168569851560454,0.48592181369560117,0.6734135806176033
2022,Albedo,0.16049920504397872,0.15768209046038956,0.04306863883524739,0.0189666857088387,0.10810172613979319,0.14545879715445276,0.1706845829780993,0.21469129348217542,0.5265715960099919
2022,NDBI_ADJ,-0.1664437356417907,-0.16858763436204233,0.05400074932092669,-0.3561775146921476,-0.2500596241236518,-0.2053353051390864,-0.13023772189885222,-0.07425939730765392,-0.0042309527374509
2022,NDVI_ADJ,0.5853525327878706,0.595891172046044,0.08977023348133249,0.1441405820203762,0.4268460873541373,0.5338721730404634,0.6534346572574963,0.7045861385502483,0.8027003804842631
2022,NightLights,5.660326778162181,5.538246772713679,2.040273111456204,2.065000057220459,2.5379163416546193,4.20326262009158,6.919803884242055,9.408444050679515,13.324999809265137
2022,green_mask,0.6170844442416679,0.6693152924240301,0.28708427535356384,0.0,0.08169058885156162,0.3958192224091456,0.8686070194341639,1.0,1.0
2022,building_mask,0.5154968094804011,1.0,0.4998737225299086,0.0,0.0,0.0,1.0,1.0,1.0
2022,road_mask,0.8204193254329991,1.0,0.38392530327589297,0.0,0.0,1.0,1.0,1.0,1.0
2022,dist_road,108.56554664616539,35.57640427727473,236.434692834721,0.0,13.40722186574932,20.62094890993744,70.58511108346265,541.8434911114017,1969.249964596968
2022,dist_main_road,308.96073705684086,215.6842806073692,304.3493562758641,0.0,47.34316501961583,92.44514984606845,411.28321599734943,915.6518042379568,1969.249964596968
2022,dist_water,1790.3376224476526,1822.1072786154734,1071.1883123746684,0.0,83.5916293976929,885.5791246686211,2641.6136970762977,3541.9698125763307,4175.450888860844
2022,LCZ,7.174795467441893,6.0,1.8970349863839302,4.057771773680865,6.0,6.0,8.54136968726474,10.861439932854212,17.0
2023,LST_C,32.76216780982794,32.68144197498056,2.0828588662713203,23.3525526088988,29.648625428529694,31.389991393106484,34.105713702394034,36.24995157284018,45.25213807176164
2023,NDVI,0.6129571172857676,0.6280160686876612,0.11055663089298244,0.0171606554206283,0.42627585308729027,0.549804245437414,0.6908394829064025,0.7618366700275688,0.847083620580136
2023,NDBI,-0.18205328010339322,-0.1831888596176803,0.0791453350992954,-0.4456374648581729,-0.30665033215161414,-0.23964183605596318,-0.12586602694007276,-0.05415496563428922,0.1559977631128433
2023,NDWI,-0.5642069589889409,-0.5832770299526036,0.10193231655053465,-0.7391633603871993,-0.6784374436115598,-0.6309764119537506,-0.5207570291171748,-0.4029818401304057,0.0724575383428811
2023,EVI,0.38803284427551654,0.39396676359663263,0.08904236907383783,0.0129125671782571,0.24667658724137098,0.3331798781053681,0.44926881518815687,0.5211657609373768,0.6443131606133277
2023,Albedo,0.15401938908674798,0.15560065618776914,0.03111192070196134,0.008056187253937,0.11189529870340253,0.14691263255946074,0.16425089848757177,0.1813096286977315,0.5284440284727963
2023,NDBI_ADJ,-0.18098247287493627,-0.1827741580395176,0.05975723821309963,-0.3667926004528999,-0.2782994455160715,-0.2212280249648174,-0.13951554509876476,-0.07893553371815679,-0.0032653146353821
2023,NDVI_ADJ,0.6168573323018413,0.6251156717562449,0.07767042100211007,0.1872884289348975,0.48553880202620336,0.5648728599163032,0.6711600477808427,0.7317521747179919,0.8260110021680046
2023,NightLights,5.773780399357572,5.560870597961263,2.093384561936074,1.995000004768372,2.6077560640353634,4.295472660860182,7.020864485176286,9.702170553635971,14.43000030517578
2023,green_mask,0.6000260698761305,0.6368430660458269,0.2863215264618792,0.0,0.09361416971923604,0.38642471331217715,0.8496666478954433,0.9974758003405233,1.0
2023,building_mask,0.5154968094804011,1.0,0.4998737225299086,0.0,0.0,0.0,1.0,1.0,1.0
2023,road_mask,0.8204193254329991,1.0,0.38392530327589297,0.0,0.0,1.0,1.0,1.0,1.0
2023,dist_road,108.56554664616539,35.57640427727473,236.434692834721,0.0,13.40722186574932,20.62094890993744,70.58511108346265,541.8434911114017,1969.249964596968
2023,dist_main_road,308.96073705684086,215.6842806073692,304.3493562758641,0.0,47.34316501961583,92.44514984606845,411.28321599734943,915.6518042379568,1969.249964596968
2023,dist_water,1790.3376224476526,1822.1072786154734,1071.1883123746684,0.0,83.5916293976929,885.5791246686211,2641.6136970762977,3541.9698125763307,4175.450888860844
2023,LCZ,7.174795467441893,6.0,1.8970349863839302,4.057771773680865,6.0,6.0,8.54136968726474,10.861439932854212,17.0
2024,LST_C,35.208990409522876,35.073575556335115,2.226838124976508,27.667339835000003,31.833674467192917,33.704506665721446,36.600388606446145,39.06750687697176,49.68392922402387
2024,NDVI,0.6125970714229306,0.6258917522916831,0.10313856520460594,0.0138296875740127,0.4468869773740858,0.552611654912029,0.686852010453373,0.7508640889977102,0.8395819584642791
2024,NDBI,-0.17642596180555387,-0.18182279115111866,0.07846536161566495,-0.4229882844289144,-0.2964440556254578,-0.23508951878368142,-0.11955374142707093,-0.04593157258627922,0.1727837165816878
2024,NDWI,-0.5670971150792395,-0.584564493884792,0.10174617407178364,-0.7505315333604813,-0.6751279286623735,-0.6313995274179294,-0.5268248076460683,-0.4252053137972642,0.129515558299937
2024,EVI,0.3748778159350338,0.3799152242195474,0.08574463615750832,0.007239447986712,0.2439228850669349,0.3226877959708251,0.43356694427352105,0.49689230219861685,0.6679787366926382
2024,Albedo,0.14326748917028395,0.14532776891474686,0.021097399577518824,0.0204130609653278,0.1172425209103349,0.1385499573391093,0.1529379276501279,0.1650351252157358,0.2590681827009426
2024,NDBI_ADJ,-0.17495114971611606,-0.17983270772837096,0.05901484008617329,-0.3751290116707483,-0.26313957246179664,-0.2173716217203065,-0.13396454722260093,-0.07118882150672155,0.0096662216103235
2024,NDVI_ADJ,0.6163677653623181,0.6260502850006878,0.06975205059968226,0.3195390184365079,0.4959220209816501,0.5706054383117641,0.6667376432363162,0.719423177570711,0.8270839289824168
2024,NightLights,5.844057304820639,5.561854844193343,2.452715578545091,1.9850000143051147,2.425000190734864,4.156028047816956,6.920575883825937,10.98042005043641,17.399999618530273
2024,green_mask,0.603534908273826,0.6401291093869512,0.2869390791791269,0.0,0.09355842076455209,0.3830846617227213,0.8511933191471259,1.0,1.0
2024,building_mask,0.5154968094804011,1.0,0.4998737225299086,0.0,0.0,0.0,1.0,1.0,1.0
2024,road_mask,0.8204193254329991,1.0,0.38392530327589297,0.0,0.0,1.0,1.0,1.0,1.0
2024,dist_road,108.56554664616539,35.57640427727473,236.434692834721,0.0,13.40722186574932,20.62094890993744,70.58511108346265,541.8434911114017,1969.249964596968
2024,dist_main_road,308.96073705684086,215.6842806073692,304.3493562758641,0.0,47.34316501961583,92.44514984606845,411.28321599734943,915.6518042379568,1969.249964596968
2024,dist_water,1790.3376224476526,1822.1072786154734,1071.1883123746684,0.0,83.5916293976929,885.5791246686211,2641.6136970762977,3541.9698125763307,4175.450888860844
2024,LCZ,7.174795467441893,6.0,1.8970349863839302,4.057771773680865,6.0,6.0,8.54136968726474,10.861439932854212,17.0
