variable,skewness,excess_kurtosis,absolute_skewness,strong_skew_flag
Albedo,4.492301046202811,30.222821363728173,4.492301046202811,True
dist_road,4.404460761317151,21.813875590201107,4.404460761317151,True
NDWI,2.265092746753249,7.266944924507368,2.265092746753249,True
dist_main_road,2.0996845521033567,5.432322891440793,2.0996845521033567,True
LCZ,2.083765625239958,5.532875110767324,2.083765625239958,True
road_mask,-1.6696700260143462,0.7878698078627511,1.6696700260143462,True
NDVI,-1.5707674859851113,4.001586785273012,1.5707674859851113,True
NDVI_ADJ,-1.498778256907345,3.474379470790468,1.498778256907345,True
NightLights,0.9883117837665122,1.1840864185899873,0.9883117837665122,False
LST_C,-0.5630832123494778,2.888665339520724,0.5630832123494778,False
EVI,-0.5530973153062163,1.1559370583743176,0.5530973153062163,False
green_mask,-0.5325803724672185,-0.8624037518675394,0.5325803724672185,False
NDBI_ADJ,0.10923268364951516,-0.3514225076949482,0.10923268364951516,False
building_mask,-0.062021272363880414,-1.996335351429933,0.062021272363880414,False
dist_water,0.052282572287810455,-1.0300129092720025,0.052282572287810455,False
NDBI,-0.008937566888476293,-0.11547610472523662,0.008937566888476293,False
