,LST_C,year,NDVI,NDBI,NDWI,EVI,Albedo,NDBI_ADJ,NDVI_ADJ,NightLights,green_mask,building_mask,road_mask,dist_road,dist_main_road,dist_water,LCZ
LST_C,1.0,-0.17806349403658747,-0.07686049841317807,0.38005394449333996,0.02429140409002705,-0.046054487195768434,-0.17801781988617948,0.3400554154754214,-0.05100668312949476,0.1753011250616123,-0.09396232700417056,0.1310241939217169,0.1147570154558079,-0.27618437174622984,-0.196505012470153,0.039134595425977026,-0.333102792401528
year,-0.17806349403658747,1.0,-0.007977721563614298,0.08175568551283409,0.007183322530801277,-0.012661790800562536,-0.024568683917093312,0.10489967258472037,-0.010676586201968348,0.2589422755987289,-0.09393726172483305,0.0,0.0,0.0,0.0,0.0,0.0
NDVI,-0.07686049841317807,-0.007977721563614298,1.0,-0.7587722688744867,-0.9726765359108069,0.8871674544645374,-0.05362050255234942,-0.6685446650795288,0.8616950778977905,-0.47322460597223653,0.9012370131164972,-0.11083881742218557,0.03560315021699084,0.2718890302476703,0.23033121530543624,0.12896937722702564,0.35830570214093294
NDBI,0.38005394449333996,0.08175568551283409,-0.7587722688744867,1.0,0.6895856785641717,-0.644805952917817,0.045606944230193625,0.8516187606253118,-0.6534893781562723,0.5141161556520579,-0.7439454651935087,0.1984410154967184,0.11104576080439742,-0.4707742454965463,-0.31633417296072647,0.06756649695203676,-0.5962764186008737
NDWI,0.02429140409002705,0.007183322530801277,-0.9726765359108069,0.6895856785641717,1.0,-0.9095080964094516,-0.002178170162433738,0.6185157235512302,-0.853288802057799,0.464581164848346,-0.862220985326718,0.09974690635878382,-0.06012171414737332,-0.22842282984199144,-0.1998161940087342,-0.17683255132093434,-0.3029348897177117
EVI,-0.046054487195768434,-0.012661790800562536,0.8871674544645374,-0.644805952917817,-0.9095080964094516,1.0,0.21406551467685092,-0.5873375545734949,0.7893041613943426,-0.48736573321230725,0.7915704897490057,-0.08152172965248132,0.06913078912585813,0.22698874663891336,0.192358682452048,0.1621634617691155,0.3013515522263711
Albedo,-0.17801781988617948,-0.024568683917093312,-0.05362050255234942,0.045606944230193625,-0.002178170162433738,0.21406551467685092,1.0,0.047784596787168336,-0.1134464556555501,-0.05655817314654818,0.016260262593261597,0.05227759120328292,0.11924815704588268,-0.037522816582343466,-5.67331278569384e-05,0.21206455173209102,-0.08977609946512735
NDBI_ADJ,0.3400554154754214,0.10489967258472037,-0.6685446650795288,0.8516187606253118,0.6185157235512302,-0.5873375545734949,0.047784596787168336,1.0,-0.7794045148020613,0.6566621865927307,-0.6756276183471754,0.17903020353528587,0.0777381933642909,-0.40986330573244484,-0.3256505486229578,0.06821531802634671,-0.6667047282413937
NDVI_ADJ,-0.05100668312949476,-0.010676586201968348,0.8616950778977905,-0.6534893781562723,-0.853288802057799,0.7893041613943426,-0.1134464556555501,-0.7794045148020613,1.0,-0.5887202777810391,0.7696477198588547,-0.12237978584049737,0.025923361597046876,0.23809435698423922,0.23790205446203877,0.13883327672902693,0.4212252099259384
NightLights,0.1753011250616123,0.2589422755987289,-0.47322460597223653,0.5141161556520579,0.464581164848346,-0.48736573321230725,-0.05655817314654818,0.6566621865927307,-0.5887202777810391,1.0,-0.5152529419314793,0.12818631355248034,-0.015184875197643713,-0.24066997604951543,-0.172677978156081,-0.13651159485768236,-0.49023858010353183
green_mask,-0.09396232700417056,-0.09393726172483305,0.9012370131164972,-0.7439454651935087,-0.862220985326718,0.7915704897490057,0.016260262593261597,-0.6756276183471754,0.7696477198588547,-0.5152529419314793,1.0,-0.11200016338353079,0.03178544486830363,0.27233646795910077,0.23929071132831567,0.11081887516077261,0.3928672569164816
building_mask,0.1310241939217169,0.0,-0.11083881742218557,0.1984410154967184,0.09974690635878382,-0.08152172965248132,0.05227759120328292,0.17903020353528587,-0.12237978584049737,0.12818631355248034,-0.11200016338353079,1.0,0.4469473637144374,-0.5005863244376311,-0.2636694853689444,0.045077818028278024,-0.26361718455184396
road_mask,0.1147570154558079,0.0,0.03560315021699084,0.11104576080439742,-0.06012171414737332,0.06913078912585813,0.11924815704588268,0.0777381933642909,0.025923361597046876,-0.015184875197643713,0.03178544486830363,0.4469473637144374,1.0,-0.6548392409274875,-0.42084688643409107,0.1721537287735666,-0.22030501123322777
dist_road,-0.27618437174622984,0.0,0.2718890302476703,-0.4707742454965463,-0.22842282984199144,0.22698874663891336,-0.037522816582343466,-0.40986330573244484,0.23809435698423922,-0.24066997604951543,0.27233646795910077,-0.5005863244376311,-0.6548392409274875,1.0,0.49689906809574236,-0.22763521592015892,0.4727785493089212
dist_main_road,-0.196505012470153,0.0,0.23033121530543624,-0.31633417296072647,-0.1998161940087342,0.192358682452048,-5.67331278569384e-05,-0.3256505486229578,0.23790205446203877,-0.172677978156081,0.23929071132831567,-0.2636694853689444,-0.42084688643409107,0.49689906809574236,1.0,-0.1745738965214581,0.3310869480413211
dist_water,0.039134595425977026,0.0,0.12896937722702564,0.06756649695203676,-0.17683255132093434,0.1621634617691155,0.21206455173209102,0.06821531802634671,0.13883327672902693,-0.13651159485768236,0.11081887516077261,0.045077818028278024,0.1721537287735666,-0.22763521592015892,-0.1745738965214581,1.0,-0.22946795958054816
LCZ,-0.333102792401528,0.0,0.35830570214093294,-0.5962764186008737,-0.3029348897177117,0.3013515522263711,-0.08977609946512735,-0.6667047282413937,0.4212252099259384,-0.49023858010353183,0.3928672569164816,-0.26361718455184396,-0.22030501123322777,0.4727785493089212,0.3310869480413211,-0.22946795958054816,1.0
