year,count,mean,median,std,min,max,q05,q25,q75,q95
2015,2194,38.318340406289394,38.172340421286805,2.262473909376837,31.214261914250027,53.193236295323054,34.85168392402354,36.90009331200213,39.59191461659486,42.12381659190742
2016,2194,36.52370040325416,36.255776109583024,2.012538726241344,29.931916644204364,51.07347888021932,33.63592737538925,35.23553239810582,37.61456610049326,40.242023427007396
2017,2194,31.7870858396053,32.87662612802488,4.642893890161066,13.603582696967676,48.97951427587129,21.972626510912676,30.07315659985383,34.73417046792109,37.166497455114246
2018,2194,34.98617066179027,34.82141937516597,2.6677584159050314,23.20508722921276,48.824831556705625,30.935554778801226,33.37046110958464,36.628188314810046,39.54912896382395
2019,2194,35.5436252198628,35.38546275346153,2.5419328616132186,25.97467284572588,52.3712039790942,31.646807912516113,34.05690122412075,36.92666351964135,39.823932475211095
2020,2194,38.307315451437454,39.483115637362275,5.793250420510121,17.020626737667552,55.461864030226494,25.556523856160315,36.093137694614654,42.16389560965018,45.31120953024953
2021,2194,35.93876307708523,35.73011760412802,2.359177096786886,27.44697816286192,51.64231861505127,32.49396397031393,34.24883001192305,37.44962206828504,40.16049428466517
2022,2194,36.837356250847094,36.90828672219508,3.336541679785861,20.39790387526263,46.81381606465796,31.173597654280787,34.84101922235248,39.018829944874085,41.95235092668239
2023,2194,32.76216780982794,32.68144197498056,2.0828588662713132,23.3525526088988,45.25213807176164,29.648625428529694,31.389991393106484,34.105713702394034,36.24995157284018
2024,2194,35.208990409522876,35.073575556335115,2.2268381249765046,27.667339835000003,49.68392922402387,31.833674467192917,33.704506665721446,36.600388606446145,39.06750687697176
