year,x_feature,y_spatial_lag_variable,weights,bivariate_moran_i,permutation_p_sim,permutations,significant_p05
2015,NDBI,LST_C,Queen,0.47287238318973834,0.001,999,True
2015,NDVI,LST_C,Queen,-0.11179190586025053,0.001,999,True
2015,Albedo,LST_C,Queen,0.16198945619612853,0.001,999,True
2015,green_mask,LST_C,Queen,-0.29810695779550805,0.001,999,True
2016,NDBI,LST_C,Queen,0.48599656724000667,0.001,999,True
2016,NDVI,LST_C,Queen,-0.24340002427170673,0.001,999,True
2016,Albedo,LST_C,Queen,0.0420476724054209,0.005,999,True
2016,green_mask,LST_C,Queen,-0.3521072850026898,0.001,999,True
2017,NDBI,LST_C,Queen,-0.009775207874979083,0.26,999,False
2017,NDVI,LST_C,Queen,0.5781425898210628,0.001,999,True
2017,Albedo,LST_C,Queen,-0.5805364888488983,0.001,999,True
2017,green_mask,LST_C,Queen,0.5566466080921804,0.001,999,True
2018,NDBI,LST_C,Queen,0.4177608941984035,0.001,999,True
2018,NDVI,LST_C,Queen,-0.06044681701753301,0.001,999,True
2018,Albedo,LST_C,Queen,-0.22665289101133773,0.001,999,True
2018,green_mask,LST_C,Queen,-0.18810082036023748,0.001,999,True
2019,NDBI,LST_C,Queen,0.248227028774491,0.001,999,True
2019,NDVI,LST_C,Queen,0.01598914426549142,0.147,999,False
2019,Albedo,LST_C,Queen,-0.2666685568001697,0.001,999,True
2019,green_mask,LST_C,Queen,-0.054489624622886514,0.001,999,True
2020,NDBI,LST_C,Queen,0.08496527067263357,0.001,999,True
2020,NDVI,LST_C,Queen,0.4812266550367304,0.001,999,True
2020,Albedo,LST_C,Queen,-0.5618177378826175,0.001,999,True
2020,green_mask,LST_C,Queen,0.4376319891725835,0.001,999,True
2021,NDBI,LST_C,Queen,0.43858922932136113,0.001,999,True
2021,NDVI,LST_C,Queen,-0.21407678860625595,0.001,999,True
2021,Albedo,LST_C,Queen,0.033198319971225736,0.009,999,True
2021,green_mask,LST_C,Queen,-0.3304334140609343,0.001,999,True
2022,NDBI,LST_C,Queen,0.29509206799639537,0.001,999,True
2022,NDVI,LST_C,Queen,0.0875163525087887,0.001,999,True
2022,Albedo,LST_C,Queen,-0.16275589861683434,0.001,999,True
2022,green_mask,LST_C,Queen,0.0032050401375534904,0.384,999,False
2023,NDBI,LST_C,Queen,0.3337056530643979,0.001,999,True
2023,NDVI,LST_C,Queen,-0.058533294094892226,0.001,999,True
2023,Albedo,LST_C,Queen,-0.05143976154037533,0.001,999,True
2023,green_mask,LST_C,Queen,-0.18621444912592164,0.001,999,True
2024,NDBI,LST_C,Queen,0.49727940768058304,0.001,999,True
2024,NDVI,LST_C,Queen,-0.25943860411786496,0.001,999,True
2024,Albedo,LST_C,Queen,0.0519208128667813,0.001,999,True
2024,green_mask,LST_C,Queen,-0.3700549590408874,0.001,999,True
