year,weights,moran_i,expected_i,permutation_p_sim
2015,Queen,0.6534431721187494,-0.00045599635202918376,0.001
2015,KNN8,0.6334714468992989,-0.00045599635202918376,0.001
2016,Queen,0.6241663602667851,-0.00045599635202918376,0.001
2016,KNN8,0.6065746014040759,-0.00045599635202918376,0.001
2017,Queen,0.8071665938798221,-0.00045599635202918376,0.001
2017,KNN8,0.8016482218271735,-0.00045599635202918376,0.001
2018,Queen,0.7060738044254448,-0.00045599635202918376,0.001
2018,KNN8,0.6931668585285071,-0.00045599635202918376,0.001
2019,Queen,0.726673746300336,-0.00045599635202918376,0.001
2019,KNN8,0.7165162099945884,-0.00045599635202918376,0.001
2020,Queen,0.806251918533229,-0.00045599635202918376,0.001
2020,KNN8,0.7993094923761868,-0.00045599635202918376,0.001
2021,Queen,0.6549864455546173,-0.00045599635202918376,0.001
2021,KNN8,0.6372095748210004,-0.00045599635202918376,0.001
2022,Queen,0.6767268992403452,-0.00045599635202918376,0.001
2022,KNN8,0.655861649693869,-0.00045599635202918376,0.001
2023,Queen,0.6214069383586366,-0.00045599635202918376,0.001
2023,KNN8,0.6065479729693669,-0.00045599635202918376,0.001
2024,Queen,0.623845061269223,-0.00045599635202918376,0.001
2024,KNN8,0.6019400240406779,-0.00045599635202918376,0.001
