from_year,to_year,grid_count,pearson_grid_persistence,pearson_p_value,spearman_grid_persistence,spearman_p_value,mean_change_c,median_change_c,mean_absolute_change_c,rmse_change_c,q95_absolute_change_c,max_absolute_change_c
2015,2016,2194,0.8187322710985544,0.0,0.787994653621423,0.0,-1.7946400030352387,-1.9806579485958409,1.989566678494452,2.2210713873127683,3.545858268175213,6.000618700391897
2016,2017,2194,0.3032645253806914,6.696701435463078e-48,0.37087380371617734,1.6859397859988577e-72,-4.736614563648856,-3.262621049919371,4.825604483931838,6.508901248455761,14.542591282441713,23.28087715184266
2017,2018,2194,0.16203846649000223,2.239060038092047e-14,0.235191583588816,5.905597501703376e-29,3.1990848221849686,1.8661992932245006,4.0283077539201795,5.906119483820483,13.794668001660753,23.364867930821816
2018,2019,2194,0.5635613753360477,3.8536791822925007e-184,0.5513740067444525,9.554456425115058e-175,0.5574545580725258,0.42307123194626683,1.8090518361538266,2.4986181253828152,5.041944745180693,14.03919220866688
2019,2020,2194,0.21577479976321465,1.5836336005703985e-24,0.27306701784018694,8.083515699970212e-39,2.7636902315746603,4.047109943028602,5.4245367151250745,6.425790901157085,11.959820542810364,21.343341657108603
2020,2021,2194,0.3360681401326362,4.560606183422718e-59,0.4225209960994659,1.0016328910492323e-95,-2.368552374352225,-4.004912532894142,5.108883505170112,5.9613396010425825,10.23461425057957,17.95857271604102
2021,2022,2194,0.4979293474088718,8.136957423898204e-138,0.4981868088118069,5.596221222529467e-138,0.8985931737618597,1.2878401917809192,2.4559718096611602,3.1084987059720532,5.823735992142362,14.167597502018118
2022,2023,2194,0.474471473889978,1.4242539297267727e-123,0.5290934846815167,1.5260402955408372e-158,-4.075188441019147,-4.353021248690846,4.4705686825832185,5.047692990963008,8.364418062374291,16.36393323162258
2023,2024,2194,0.7474606106428915,0.0,0.7586846818588672,0.0,2.4468225996949333,2.399621768607748,2.474547391895273,2.889505972270965,5.022516527998837,13.828615179783792
