year,feature,missing_count,row_count,missing_percent
2015,NDVI_lag1,2194,2194,100.0
2015,NDVI_lag2,2194,2194,100.0
2015,NDVI_hist3_mean,2194,2194,100.0
2015,NDVI_hist3_std,2194,2194,100.0
2015,NDVI_hist3_slope,2194,2194,100.0
2015,NDVI_delta1,2194,2194,100.0
2015,NDBI_lag1,2194,2194,100.0
2015,NDBI_lag2,2194,2194,100.0
2015,NDBI_hist3_mean,2194,2194,100.0
2015,NDBI_hist3_std,2194,2194,100.0
2015,NDBI_hist3_slope,2194,2194,100.0
2015,NDBI_delta1,2194,2194,100.0
2015,NDWI_lag1,2194,2194,100.0
2015,NDWI_lag2,2194,2194,100.0
2015,NDWI_hist3_mean,2194,2194,100.0
2015,NDWI_hist3_std,2194,2194,100.0
2015,NDWI_hist3_slope,2194,2194,100.0
2015,NDWI_delta1,2194,2194,100.0
2015,EVI_lag1,2194,2194,100.0
2015,EVI_lag2,2194,2194,100.0
2015,EVI_hist3_mean,2194,2194,100.0
2015,EVI_hist3_std,2194,2194,100.0
2015,EVI_hist3_slope,2194,2194,100.0
2015,EVI_delta1,2194,2194,100.0
2015,Albedo_lag1,2194,2194,100.0
2015,Albedo_lag2,2194,2194,100.0
2015,Albedo_hist3_mean,2194,2194,100.0
2015,Albedo_hist3_std,2194,2194,100.0
2015,Albedo_hist3_slope,2194,2194,100.0
2015,Albedo_delta1,2194,2194,100.0
2015,NDBI_ADJ_lag1,2194,2194,100.0
2015,NDBI_ADJ_lag2,2194,2194,100.0
2015,NDBI_ADJ_hist3_mean,2194,2194,100.0
2015,NDBI_ADJ_hist3_std,2194,2194,100.0
2015,NDBI_ADJ_hist3_slope,2194,2194,100.0
2015,NDBI_ADJ_delta1,2194,2194,100.0
2015,NDVI_ADJ_lag1,2194,2194,100.0
2015,NDVI_ADJ_lag2,2194,2194,100.0
2015,NDVI_ADJ_hist3_mean,2194,2194,100.0
2015,NDVI_ADJ_hist3_std,2194,2194,100.0
2015,NDVI_ADJ_hist3_slope,2194,2194,100.0
2015,NDVI_ADJ_delta1,2194,2194,100.0
2015,NightLights_lag1,2194,2194,100.0
2015,NightLights_lag2,2194,2194,100.0
2015,NightLights_hist3_mean,2194,2194,100.0
2015,NightLights_hist3_std,2194,2194,100.0
2015,NightLights_hist3_slope,2194,2194,100.0
2015,NightLights_delta1,2194,2194,100.0
2015,green_mask_lag1,2194,2194,100.0
2015,green_mask_lag2,2194,2194,100.0
2015,green_mask_hist3_mean,2194,2194,100.0
2015,green_mask_hist3_std,2194,2194,100.0
2015,green_mask_hist3_slope,2194,2194,100.0
2015,green_mask_delta1,2194,2194,100.0
2016,NDVI_lag2,2194,2194,100.0
2016,NDVI_hist3_std,2194,2194,100.0
2016,NDVI_hist3_slope,2194,2194,100.0
2016,NDBI_lag2,2194,2194,100.0
2016,NDBI_hist3_std,2194,2194,100.0
2016,NDBI_hist3_slope,2194,2194,100.0
2016,NDWI_lag2,2194,2194,100.0
2016,NDWI_hist3_std,2194,2194,100.0
2016,NDWI_hist3_slope,2194,2194,100.0
2016,EVI_lag2,2194,2194,100.0
2016,EVI_hist3_std,2194,2194,100.0
2016,EVI_hist3_slope,2194,2194,100.0
2016,Albedo_lag2,2194,2194,100.0
2016,Albedo_hist3_std,2194,2194,100.0
2016,Albedo_hist3_slope,2194,2194,100.0
2016,NDBI_ADJ_lag2,2194,2194,100.0
2016,NDBI_ADJ_hist3_std,2194,2194,100.0
2016,NDBI_ADJ_hist3_slope,2194,2194,100.0
2016,NDVI_ADJ_lag2,2194,2194,100.0
2016,NDVI_ADJ_hist3_std,2194,2194,100.0
2016,NDVI_ADJ_hist3_slope,2194,2194,100.0
2016,NightLights_lag2,2194,2194,100.0
2016,NightLights_hist3_std,2194,2194,100.0
2016,NightLights_hist3_slope,2194,2194,100.0
2016,green_mask_lag2,2194,2194,100.0
2016,green_mask_hist3_std,2194,2194,100.0
2016,green_mask_hist3_slope,2194,2194,100.0
2017,NDVI_hist3_slope,2194,2194,100.0
2017,NDBI_hist3_slope,2194,2194,100.0
2017,NDWI_hist3_slope,2194,2194,100.0
2017,EVI_hist3_slope,2194,2194,100.0
2017,Albedo_hist3_slope,2194,2194,100.0
2017,NDBI_ADJ_hist3_slope,2194,2194,100.0
2017,NDVI_ADJ_hist3_slope,2194,2194,100.0
2017,NightLights_hist3_slope,2194,2194,100.0
2017,green_mask_hist3_slope,2194,2194,100.0
