feature,mutual_information,mi_rank,rolling_perm_mean,rolling_perm_median,rolling_perm_std,positive_fold_fraction,negative_fold_fraction,min_fold_importance,max_fold_importance,robust_permutation_score,rolling_perm_rank,mean_abs_spearman_2018_2023,spearman_std_2018_2023,sign_consistency_fraction,spearman_2018,spearman_2019,spearman_2020,spearman_2021,spearman_2022,spearman_2023,stability_rank,mi_scaled,perm_scaled,stability_scaled,combined_evidence_score,combined_rank
NDBI_ADJ_lag2,0.20884534697746826,2,0.02897620289578553,0.023769692080597694,0.01663227529839336,1.0,0.0,0.010269410296899784,0.05448875085218048,0.023769692080597694,3,0.5503611729851796,0.13653857274242104,1.0,0.7260724486047385,0.3725332000663463,0.3957349884752085,0.6555262100119181,0.4953405298479657,0.6569596609049009,5,0.9933608036521877,0.5245723055502932,0.9067693363531147,0.8224172406669439,1
NDBI_hist3_mean,0.19301816270725425,4,0.015042680077228471,0.030372700716212186,0.021747119489509872,0.6,0.4,-0.012238894349935591,0.031090814279767363,0.018223620429727312,5,0.6069472697418802,0.11823473815441202,1.0,0.7548761976906341,0.5126642140146943,0.41682881654091675,0.6853025211630135,0.5684371775136371,0.7035746915283858,1,0.9180797178451514,0.40217629037351427,1.0,0.7919807883578572,2
green_mask_delta1,0.1587982475819283,17,0.05090391707333397,0.05664064760258007,0.04549022445962649,0.8,0.2,-4.814616070314415e-06,0.10369302292149345,0.04531251808206406,1,0.2766263764449453,0.31710445729933956,0.5,-0.06145368239265176,0.16692652755253193,0.6385523942131219,-0.25248042943062116,0.4977457299140638,-0.04259949516668147,40,0.755314672409541,1.0,0.45576673664351064,0.723878493168568,3
NDBI_lag2,0.19294159464905114,5,0.011910427238520418,0.012904144425686414,0.020075480526694982,0.8,0.2,-0.015946829242708117,0.035040952551262584,0.010323315540549133,7,0.576489187218116,0.13724131894275315,1.0,0.7377742912394084,0.43293565421285773,0.39852383373161554,0.683276701009072,0.49860093553245294,0.7078237075832896,2,0.9177155263085359,0.22782480377393516,0.9498175804683705,0.7219840285040977,4
NDBI_ADJ_hist3_mean,0.18904322782695182,7,0.0037817951571890605,0.000672312842846523,0.00925237611922406,0.6,0.4,-0.005864656686484615,0.014872006904306057,0.0004033877057079138,47,0.569553611317064,0.12058085941433154,1.0,0.7368082000817565,0.4425974997816495,0.4011429673649833,0.6580164208965511,0.533823538572729,0.6449330412047138,3,0.8991731701805376,0.008902345814844172,0.9383905978509157,0.645818022555462,5
NDBI,0.16650174507823312,12,0.005549123187274426,0.00813259071490462,0.01390021250048773,0.8,0.2,-0.018355257126940482,0.016597028372256163,0.006506072571923697,12,0.5312611059590194,0.1343426691895737,1.0,0.6460999213852906,0.4560894545076919,0.29909140135039086,0.6925839760677772,0.4796383687582902,0.6140635136846755,7,0.7919559123251594,0.143582233945612,0.8753002648565366,0.6266143321972771,6
ndbi_x_vegetation_deficit,0.16440265608027538,14,0.041791102750833434,0.03594546987404392,0.021823146485621548,1.0,0.0,0.012935433463640632,0.06449075117405582,0.03594546987404392,2,0.17398628971546715,0.1843043945911428,0.6666666666666666,0.05735156219397926,0.13488809796689408,0.42878838654474266,-0.10115040777037176,0.23576719223959763,-0.0859720915772175,62,0.7819717170144842,0.7932790185913796,0.2866579987903385,0.6120041061091017,7
NDWI_delta1,0.1657726664153305,13,0.03828746134025578,0.022741838100648205,0.05151026441171814,1.0,0.0,0.002237526141848001,0.1273183439927715,0.022741838100648205,4,0.2582044091879656,0.15377113424436414,1.0,-0.3207695086223181,-0.23442535541552026,-0.4916707208076574,-0.10953316057903917,-0.35942877941472384,-0.03339893028853518,44,0.7884880918685957,0.5018886405620007,0.4254148952639224,0.5754326376649814,8
NDBI_lag1,0.1454363557899665,23,-0.00013224875778904618,0.0008838419230202454,0.0032814286851708197,0.6,0.4,-0.00458292598948482,0.003079816302150995,0.0005303051538121473,40,0.564511685247512,0.09233675334001384,1.0,0.6739864162015639,0.49747177068712567,0.4045135807291578,0.5953011314518196,0.5611805370337978,0.654616675381608,4,0.6917596075691032,0.011703281482872537,0.9300835729726324,0.5711560976344692,9
NDBI_ADJ,0.1494106701954676,21,0.004723996594369382,0.003942988872259789,0.0041756739992700725,1.0,0.0,0.0004076276707780657,0.011350372652214924,0.003942988872259789,18,0.49817697386557896,0.1389128168881781,1.0,0.657917852896745,0.38242768811235733,0.2833811842932848,0.6560349233346444,0.4511458333975429,0.5581543611588995,8,0.7106632039812415,0.0870176507321612,0.8207911934053866,0.5621143343049682,10
NDWI,0.20629149462673357,3,0.01168966027906895,0.014880468653378998,0.04239786202967615,0.6,0.4,-0.03147216647604027,0.07711448399154115,0.008928281192027399,9,0.2426606851544055,0.2374041610341731,0.8333333333333334,0.2681471873994397,0.1193971859329753,-0.3178478592088909,0.4116636699613537,0.034876569696803014,0.3040316387269704,49,0.9812135527785135,0.19703785112665054,0.3998052174410524,0.5424679249148432,11
NDVI,0.21024117944822063,1,0.01684057810807787,0.005813087923694971,0.032700693470374825,0.8,0.2,-0.011203084270810404,0.07337518423980942,0.004650470338955977,16,0.278060642949961,0.2378860672323648,0.8333333333333334,-0.3129151528551787,-0.1710536330207378,0.2674687260938775,-0.46362771070201714,-0.09018927952815936,-0.36310935549979545,39,1.0,0.10263102859421007,0.4581298191986487,0.54113474529779,12
NDBI_ADJ_nbr_mean,0.14486207297726583,24,0.004662531626703581,0.0031495597720514468,0.00623760463523953,0.8,0.2,-0.0018806852631553905,0.01367895964522443,0.0025196478176411578,23,0.4763504012117492,0.13490943511506895,1.0,0.6468097566503296,0.3382169126781392,0.2870830729003723,0.6259551362776112,0.4423659458258403,0.5176715829382028,9,0.6890280646134944,0.05560599861340532,0.7848299596344331,0.5325321080707962,13
NDBI_ADJ_lag1,0.12368434557565422,28,-0.006089082974304159,-0.008703695426176772,0.00507076345125515,0.2,0.8,-0.009766837216156076,0.0022199833370717846,0.0,92,0.5342787283811454,0.09522199557050588,1.0,0.6673842895562622,0.4476249745364248,0.3858333511841944,0.5774795532743355,0.5215635082946197,0.605786693441036,6,0.5882974301241298,0.0,0.8802720681293469,0.5139993243887169,14
ndbi_minus_ndvi,0.17799261352793927,8,0.008512798778319626,0.0023048739719802925,0.010763981175576772,1.0,0.0,0.0006312434824988777,0.025888019529384642,0.0023048739719802925,24,0.3438941441940659,0.2291102521165608,0.8333333333333334,0.42491257421840495,0.26090950400854396,-0.14987542750208369,0.5527692559899064,0.2171298421374381,0.4577682613080181,25,0.846611562944434,0.050866163910953006,0.566596410163136,0.5098826397609353,15
NDVI_ADJ,0.19261257617547134,6,0.010193613494216578,0.0013606933430956758,0.02161406183916182,0.6,0.4,-0.007622898033808401,0.04686342939831025,0.0008164160058574055,37,0.26891549546672444,0.25298004239933664,0.8333333333333334,-0.3259295591491413,-0.12001813740277933,0.3204962272549552,-0.4654617272477642,-0.07077637735717186,-0.3108109443885348,42,0.9161505689845554,0.01801744949108369,0.44306236945606103,0.4811297633015408,16
NDBI_nbr_mean,0.11545365514676753,30,0.003816339003319689,0.004737900166961051,0.006060431236638459,0.6,0.4,-0.0030815050303928614,0.012401135821469289,0.0028427401001766303,21,0.45992595844416684,0.13256786826960668,1.0,0.618476801028055,0.33414329969068346,0.26633090648071983,0.609817031453096,0.41806723803000195,0.5127204739824449,11,0.5491486275418375,0.06273630821019997,0.7577692187984668,0.4762421386821664,17
NDVI_delta1,0.16235904125860046,15,0.024888860670660852,0.009183690468970163,0.04081077020055476,1.0,0.0,0.00043637550321387055,0.09759678670867604,0.009183690468970163,8,0.24763854128552495,0.1450454091675082,1.0,0.2497451546118398,0.2302491191746958,0.4730340752963608,0.08556090580809202,0.3780493016287231,0.06919269119343825,47,0.7722513814121137,0.20267446740297843,0.40800668135609136,0.4738926621897653,18
NDVI_ADJ_nbr_mean,0.17429854444735682,10,0.009069063550253668,0.006993191503175966,0.015027051624536724,0.6,0.4,-0.007926268256548585,0.028017666748733027,0.00419591490190558,17,0.26384963063734934,0.25481803915075085,0.8333333333333334,-0.3318368387193019,-0.09383164487575293,0.33407061077609546,-0.4616769201245687,-0.08073598352637605,-0.2809457858020011,43,0.8290409371979577,0.09259946433139055,0.4347159033264259,0.4700947334829514,19
NDVI_ADJ_delta1,0.1552112968479884,19,0.02318648891885017,0.007626345946190405,0.038004305489336435,1.0,0.0,0.001834289645396403,0.09066770718186597,0.007626345946190405,10,0.2749947888789194,0.17134543693714585,1.0,0.2906869684469372,0.26479369381823775,0.5353173637716946,0.04760753546898866,0.4225061272151506,0.08905704455250808,41,0.7382535488782049,0.16830549854630839,0.45307854996343916,0.46745788415846795,20
ndvi_x_green_mask,0.14979515002983135,20,0.005562832258341262,0.006176290279191754,0.01652676929947984,0.8,0.2,-0.017756903993934526,0.02848100390028261,0.004941032223353403,14,0.2976914352826972,0.24844015948648948,0.8333333333333334,-0.3402476371446858,-0.1802814179711427,0.26443166831285403,-0.4929249018504555,-0.10671782543617424,-0.4015451609808709,35,0.712491960057348,0.10904342624271855,0.4904733081826006,0.45375087175679757,21
green_mask,0.136416182582618,26,0.009709096116949922,0.008958097940400433,0.014322616455618003,0.8,0.2,-0.012439636946012555,0.02468550688685376,0.007166478352320347,11,0.3015082155735691,0.25246339262684525,0.8333333333333334,-0.3444342294269827,-0.18043376453667181,0.2691549146026271,-0.49996960711348953,-0.10701362992968434,-0.40804314783195916,34,0.6488556758511496,0.15815670052459602,0.4967617956363708,0.4484131251780109,22
Albedo,0.1751338042805628,9,0.026803866454815434,0.00755883402421782,0.04277578544020128,0.8,0.2,-0.0016295761488843929,0.10201365756699463,0.006047067219374256,13,0.18428002014813738,0.09521266553648522,1.0,-0.1648483326503704,-0.2713835751657965,-0.34490230780259096,-0.08134993800782508,-0.15458202364328155,-0.0886139436189598,59,0.8330138022446536,0.1334524646902784,0.303617841837409,0.43785681483580535,23
EVI_hist3_mean,0.13169111113982535,27,-0.0021683299922191064,-0.0014497937664850636,0.0060239813447957894,0.4,0.6,-0.008397299409057712,0.006316011966489299,0.0,85,0.36946739939875606,0.09180327776938527,1.0,-0.5311237020983576,-0.2857098770077897,-0.2532394321891682,-0.41486179699551207,-0.33573199782512736,-0.3961375902765813,14,0.6263811470495435,0.0,0.6087306390815161,0.43228912514587087,24
LCZ,0.09193911212154937,45,-0.006601428650879671,-0.003259755805412823,0.007917388342613723,0.2,0.8,-0.019860907226574208,0.0002632981952328972,0.0,93,0.46228112571498664,0.11548620066207056,1.0,-0.5812860667540718,-0.26352735869120125,-0.3841918956274539,-0.5194751209234707,-0.43539096499431695,-0.5898153472994057,10,0.43730306480797043,0.0,0.7616495678637512,0.4196334214351025,25
NDVI_nbr_mean,0.15810200516128958,18,0.0036151362273258054,0.0033914019800457495,0.012669728695598166,0.6,0.4,-0.013039014202257882,0.02201567791925658,0.0020348411880274494,27,0.22797257530906634,0.24035163099145807,0.8333333333333334,-0.2725637368983189,-0.07470976878910454,0.3479081392350574,-0.39354499020477013,-0.02306278774713373,-0.25604602898001344,51,0.7520030356385431,0.04490682209146297,0.3756052406430916,0.40813494332601097,26
green_mask_nbr_mean,0.10205022861396973,37,0.021611389012922217,0.014431228132466778,0.024180420871824447,0.8,0.2,-0.002401909469384833,0.058081604841685675,0.011544982505973423,6,0.27880614032059114,0.2637750597570399,0.8333333333333334,-0.35305689616847846,-0.10867922916765382,0.3400800253322133,-0.46157611258854186,-0.07683851673153803,-0.3326060619351214,38,0.48539600511089803,0.2547857191486175,0.459358092901811,0.40709965004903337,27
NightLights_lag2,0.11661838902726718,29,-0.0030043553530924964,-0.005093932532904644,0.006601827776032461,0.4,0.6,-0.011473436749152998,0.005871168733532528,0.0,89,0.3625256018123664,0.10840878264425508,1.0,0.561721325815835,0.27450746857299035,0.2715158226971881,0.43110374982521577,0.26263239265632804,0.3736728513066415,18,0.5546886168225127,0.0,0.5972934056801008,0.4031937078759147,28
green_mask_hist3_mean,0.09848644715255528,41,0.00048719589672804105,0.00025512648688055253,0.002389150018047359,0.6,0.4,-0.0021154684054680573,0.0038106549188793083,0.00015307589212833152,58,0.4034837257090487,0.09894643850697066,1.0,-0.5393124239668021,-0.28943283085030186,-0.26229832986008045,-0.4692135016251807,-0.4021182829475223,-0.45852698500440486,12,0.46844508488314995,0.003378225236812058,0.6647755840151328,0.3976407016854425,29
dist_road,0.09966009664159703,39,-0.000436254248409753,0.0033729532394453977,0.013223887896792753,0.6,0.4,-0.021740589197631267,0.0106023361281256,0.0020237719436672387,28,0.3760509208604334,0.08032793029312407,1.0,-0.4313668965082467,-0.22019480848426742,-0.4251493110645441,-0.458378473523736,-0.331461585542799,-0.389754450039007,13,0.4740274807397657,0.04466253541685875,0.6195775804714612,0.396160532048987,30
NightLights_lag1,0.11051804642692709,31,-0.0016680744687182611,-0.004611186676199619,0.009575030611914094,0.4,0.6,-0.012961960800142513,0.012836576349441842,0.0,82,0.3610166282033916,0.10797597066605497,1.0,0.5634139847691676,0.2693199137489367,0.2607186257427994,0.42830697149835123,0.28360781922195555,0.36073245423913913,21,0.5256726903691391,0.0,0.5948072364785876,0.3921679743967043,31
NDVI_hist3_mean,0.10557443805490596,34,-0.0015911834293433548,-0.0016787304007513271,0.0015819529472690915,0.2,0.8,-0.0035169050236819378,0.0007435569097171246,0.0,81,0.36513678855158854,0.09076827402898274,1.0,-0.5079726901454239,-0.2561219209654316,-0.24936002937394336,-0.4089677467100896,-0.3608027888577551,-0.40759555525688757,15,0.502158703313912,0.0,0.6015955697549679,0.38631399557410795,32
NDVI_ADJ_hist3_mean,0.10508043841045378,35,-0.0034139533560799775,-0.0017940896185453248,0.003462997205057243,0.0,1.0,-0.009328902842450849,-0.0007607196929491078,0.0,90,0.3649845631500966,0.10079907485157696,1.0,-0.5389399130301503,-0.23508246443053896,-0.257314965428381,-0.40754934309167395,-0.3654700539252427,-0.3855506389945927,16,0.49980902260079635,0.0,0.6013447647689651,0.38540382557941655,33
NDWI_nbr_mean,0.1599039520684613,16,0.0032593133942634364,-0.00011507737016476227,0.017331273472302032,0.4,0.6,-0.019004242842352515,0.0291881989793346,0.0,64,0.20197459317740854,0.2394943437520469,0.6666666666666666,0.2144831341433366,0.028279854979973946,-0.4090290925043872,0.3274843801793625,-0.03494894728063277,0.19762214997675825,54,0.7605738917947963,0.0,0.3327712360635602,0.38267079475042476,34
NDVI_lag2,0.10772173566182364,32,-0.0005552966419590177,-0.0013518124911198637,0.0019124165248690034,0.4,0.6,-0.0025139189503423864,0.002439910200637563,0.0,72,0.352517314225033,0.16555179431200023,1.0,-0.5588789096428745,-0.10383377155457384,-0.20896325002587154,-0.4791840144676993,-0.27817324791436154,-0.48607069174481743,24,0.512372200082496,0.0,0.5808038552919926,0.382611619381071,35
Albedo_nbr_mean,0.14565008375349642,22,0.01811860670709379,0.004342356164593042,0.03425792998594823,0.8,0.2,-0.005151695978071391,0.07831025517963557,0.0034738849316744338,19,0.19641162857158453,0.11446858570742462,1.0,-0.20643089700075504,-0.3241183947355468,-0.3599517310065434,-0.0657931445211327,-0.1549174416305178,-0.0672581625350116,58,0.6927761922557514,0.07666501617462511,0.3236057535197639,0.3787331858738179,36
NightLights_hist3_mean,0.0988807014126909,40,-0.005064796752854432,-0.008697082591611682,0.012209713350361886,0.2,0.8,-0.018903013800972434,0.013412831664031798,0.0,91,0.36201235395652454,0.11065948355807584,1.0,0.5717362248531815,0.2688279664509192,0.2667087713162549,0.4273354636264759,0.2756655581079231,0.36180013938439276,20,0.4703203324496369,0.0,0.5964477838585213,0.37336884070785537,37
Albedo_delta1,0.14004727370140202,25,0.013980858368547714,0.0036239640582519605,0.027169649490933895,0.8,0.2,-0.0052463936632077155,0.06182614555392707,0.0028991712466015685,20,0.19772179911239085,0.13411776959895333,0.8333333333333334,-0.17813454319495967,-0.27160603462748517,-0.4041426937603546,0.028417502943645097,-0.2004634090161836,-0.10356661113171704,56,0.6661267505678812,0.06398168473777978,0.32576437685678544,0.3663564000199672,38
NDWI_hist3_mean,0.10699820945763427,33,-0.0020789803848946064,-0.0012047410944838078,0.0026722737460339267,0.2,0.8,-0.006621386322177259,0.0002532903283704702,0.0,84,0.31755738022586605,0.08720353147170257,1.0,0.47485682144141067,0.22224118303551987,0.21562590664253517,0.3436214589758678,0.3067132612157409,0.3422856500441219,31,0.5089307895743916,0.0,0.5232042321582819,0.3612472576064357,39
EVI_lag2,0.10284955652707861,36,-0.0009642263174011133,-0.000726153022278142,0.0012936969971120856,0.2,0.8,-0.003030516705696007,0.00021599439268396025,0.0,74,0.32350762836438673,0.14141415373940047,1.0,-0.525909059609452,-0.16773335865868913,-0.19446617190054527,-0.42748665238258793,-0.19640681923099068,-0.42904370840405537,29,0.4891979620596115,0.0,0.5330077990168184,0.3577720163767505,40
NDVI_ADJ_lag2,0.09199077959292801,44,-0.002238068316670256,-0.0006039226759378735,0.006489771512656892,0.4,0.6,-0.011237709517582583,0.004160057681484375,0.0,88,0.3529726206877968,0.18335518630370337,1.0,-0.5996862740401565,-0.08014182240919199,-0.19663636771676946,-0.4942783533828684,-0.27069808051208266,-0.476394826065712,23,0.43754881814475366,0.0,0.5815540134778222,0.35668599106790155,41
green_mask_lag2,0.08803207570384952,48,-0.0010254386077800516,-0.0005520691894771446,0.002553575642979814,0.4,0.6,-0.004810138950347343,0.0014473260083397222,0.0,76,0.3623430584290832,0.18741907724720486,1.0,-0.5744571412825641,-0.05217927769108295,-0.24223441042937566,-0.5031525142570542,-0.27390201954721616,-0.5281329873672062,19,0.4187194722503474,0.0,0.5969926491030743,0.3554992424736976,42
NightLights_nbr_mean,0.08714403636901835,49,-0.0019552800418084536,-0.0019841800841809308,0.007084826759406749,0.2,0.8,-0.01000062275411473,0.009083691806375605,0.0,83,0.3600758819235188,0.10936969970407054,1.0,0.570294854060767,0.26167067703387104,0.27024206851878163,0.41271126614802117,0.27655963877428363,0.3689767870053881,22,0.41449556455937153,0.0,0.5932572727061616,0.35271349304293653,43
green_mask_lag1,0.08977722547625255,47,0.0015098704410067044,0.000840281708232915,0.002460286023866232,0.6,0.4,-0.00121470467592264,0.004756489753706639,0.000504169024939749,43,0.34184842660813336,0.05587963406353835,1.0,-0.3100152527202191,-0.35124026905262673,-0.2729101770036624,-0.29048203480954765,-0.4080037264131661,-0.41843909964957776,27,0.42702017612283893,0.011126484386205695,0.5632259071756153,0.34992407447032065,44
NightLights,0.08380692198346917,51,-0.0014459340954598953,-0.0038541015386758916,0.005901496348188852,0.2,0.8,-0.005563685021153564,0.008719988400580192,0.0,80,0.3647418310168767,0.11000687376920452,1.0,0.5741179424207633,0.2675511589233097,0.2681148557901232,0.4171637239025144,0.2811069185304942,0.3803963865340555,17,0.3986227731570999,0.0,0.6009448418344355,0.3498486652470374,45
NDWI_lag2,0.09805864608546067,42,-0.0010786959229954717,-0.0017969652374186574,0.0032129713932756414,0.4,0.6,-0.00465951397022688,0.0036018498934646814,0.0,78,0.3186655575148593,0.15754666960718336,1.0,0.5292449391416967,0.0976543525419118,0.17935281226678862,0.4248136164870293,0.23066784086463502,0.45025978378709447,30,0.466410273871257,0.0,0.5250300535174661,0.34700411458605307,46
NDVI_lag1,0.07214481987124,54,0.0018054537219217525,-8.688852883409482e-07,0.0052485722549598015,0.4,0.6,-0.0017470049918602015,0.011094476065972535,0.0,66,0.34276055330100036,0.05684554742817859,1.0,-0.3852489322200073,-0.35408382114237685,-0.2439825540810146,-0.28994023480582826,-0.3836907501810895,-0.39961702737568566,26,0.3431526595340863,0.0,0.5647287176145763,0.31775848200203194,47
EVI,0.09775227359145156,43,-0.005905483782240601,0.0032857494149793887,0.019799744228190325,0.6,0.4,-0.034046822585300694,0.015259343993996487,0.0019714496489876333,29,0.22649694572642945,0.21797347764780894,0.8333333333333334,-0.2768736078902667,-0.12628871269796269,0.2901823558275194,-0.35021502857029246,-0.02186982395748303,-0.2935521454150525,52,0.4649530308382166,0.04350783696057684,0.3731740087120798,0.30639681493077675,48
NDWI_lag1,0.07080716628293704,55,0.0002552170401673949,0.0005779262433899923,0.0033038478300327304,0.6,0.4,-0.003596806306546796,0.0048882432126443835,0.00034675574603399535,51,0.30573255607109795,0.057834581711340025,1.0,0.3653470737307619,0.3191277547271975,0.20181191433439893,0.2577220610733628,0.35283879694148096,0.3375477356193858,32,0.3367901876728951,0.007652537548365709,0.5037217750417076,0.2964749482146206,49
year,0.16979462517585642,11,2.6645352591003762e-17,-8.881784197001253e-17,3.5471582200791575e-16,0.4,0.6,-3.552713678800501e-16,4.440892098500626e-16,0.0,71,,,,,,,,,,93,0.8076183058974628,0.0,0.0,0.28266640706411195,50
NDVI_ADJ_lag1,0.05301209064965917,65,-0.0022267001105919794,-0.001688639079955312,0.0013387091079911633,0.0,1.0,-0.004236833356983283,-0.0008026366697639897,0.0,87,0.33658116705003005,0.061655517253607614,1.0,-0.4102823556079402,-0.34098696787341826,-0.24155023935497855,-0.26814688970360523,-0.37927680154390964,-0.3792437482163282,28,0.25214894051103476,0.0,0.5545476251885436,0.28234379799485243,51
EVI_delta1,0.07604106863255833,53,0.0022989741164778986,0.0036656583654460563,0.006461340397954801,0.6,0.4,-0.006776719429080025,0.010643459022768375,0.0021993950192676338,25,0.2394937347520778,0.15574940929799488,1.0,0.2909824838299107,0.14033836761892185,0.4936741955941112,0.08131142389329435,0.3607017529367559,0.06995418463947271,50,0.36168494122858624,0.048538353469661066,0.3945873829433793,0.2792568195010863,52
EVI_lag1,0.06515703630533132,60,-0.0022138328543500484,-0.0004792999547092336,0.003279481023625873,0.2,0.8,-0.005720186159947715,0.0013024429431740092,0.0,86,0.29603513433508905,0.072090715088691,1.0,-0.40839503560040225,-0.2406183309510896,-0.21133175785387864,-0.23201628141696273,-0.3409557586692698,-0.3428936415189312,36,0.3099156714984971,0.0,0.487744403992435,0.27918102642182624,53
NDBI_nbr_contrast,0.04982022039609468,67,0.000474560400272841,0.0003603022078127349,0.002505222511787839,0.8,0.2,-0.003308147580093568,0.0034766377718330687,0.00028824176625018793,53,0.30390997089389754,0.07265970396532757,1.0,0.30116101347058594,0.3260833804048301,0.17015731176775467,0.3917882086844277,0.2660701942405383,0.36819971679524877,33,0.23696699441492947,0.006361195061553684,0.5007189026867903,0.260098422504068,54
NDBI_ADJ_nbr_contrast,0.052199459217529665,66,-0.0009111408609712067,0.00029860862617407945,0.002603385547512594,0.6,0.4,-0.005429300350013299,0.0009368467286427595,0.00017916517570444766,56,0.29410077213635616,0.09965351643249531,1.0,0.31048297220589255,0.3121294312859398,0.1107022905220296,0.4024682671792731,0.23444829276594603,0.3943733788590558,37,0.24828370614418874,0.0039539885066631544,0.4845573689810484,0.25768057284583196,55
EVI_nbr_mean,0.06963253763611021,57,-0.003306088134435976,0.0035663929759568447,0.021923839655471875,0.6,0.4,-0.02651815960782562,0.024937954816773456,0.0021398357855741067,26,0.1966531066687475,0.22056367427765006,0.6666666666666666,-0.2619662912700415,-0.0479445487423,0.3523725314087782,-0.29474301738015596,0.021042698806128635,-0.20184955240508076,57,0.3312031345089543,0.04722394331956388,0.32400361031754743,0.24348954368514475,56
nightlights_x_building_mask,0.059849589583225615,62,-0.0005619964369234242,8.926504061981255e-05,0.004894422504417302,0.6,0.4,-0.007414048941768847,0.0046332329302847695,5.3559024371887524e-05,59,0.24841935853331823,0.07847032318719308,1.0,0.37169127296150317,0.1426199679124213,0.23867023611862279,0.31948854060692894,0.17506674079927648,0.24297939280115677,46,0.28467110839228194,0.0011819917903235586,0.40929314772099545,0.24324208717674417,57
NightLights_hist3_std,0.047795846134133235,70,0.0007843873564895622,0.0012847342978377085,0.004146795666020681,0.8,0.2,-0.005900348774168229,0.004517536691285251,0.001027787438270167,33,0.24347780427086188,0.10111428673813838,1.0,0.3928079089880077,0.17821728169513537,0.0923446358670499,0.28975078632132195,0.18463572542434592,0.3231104873293107,48,0.22733817542107473,0.02268219648285213,0.40115149438666564,0.22677604337756477,58
NDWI_nbr_contrast,0.08151303914430752,52,0.0007975650328501873,0.0013109001033822843,0.0022616661941843737,0.8,0.2,-0.003076951435044428,0.002801569143200844,0.0010487200827058276,32,0.11971158890465618,0.09982634592964977,0.8333333333333334,0.07667744621957863,0.11369029315549015,-0.0982481250637699,0.19406312128293338,0.04263943512578997,0.19295111258037512,75,0.3877120522165973,0.023144158106740483,0.1972355670296805,0.21167491416821937,59
dist_main_road,0.033264249091051745,80,0.0007672928011559676,0.0006628194949743982,0.005021514893571273,0.6,0.4,-0.0069384758992868,0.0064486033417797016,0.00039769169698463893,49,0.25230483940967213,0.0699849909814686,1.0,-0.25420399964409435,-0.12472845133317781,-0.3530567852844335,-0.2992078413264612,-0.22525833486340371,-0.25737362400646246,45,0.1582194752633808,0.008776640844907188,0.41569482554385856,0.20350299753600593,60
green_mask_hist3_slope,0.0696468209177894,56,0.005741530680469599,-0.0009132226806905397,0.01481860340818846,0.4,0.6,-0.00527777450960869,0.031405741081634096,0.0,63,0.13921832847247756,0.14472885006094877,0.5,0.22062550053448154,0.14241363094177015,-0.12546844390719797,0.18269702010178115,-0.0316935216149133,-0.13241185373472122,72,0.3312710721114576,0.0,0.22937466797022368,0.19622600902858844,61
NDVI_nbr_contrast,0.06523813105432108,59,6.271848311861563e-05,0.0005548628157116652,0.001148680564703777,0.8,0.2,-0.0018931592567201783,0.0010384390257343946,0.0004438902525693322,44,0.14557793626337673,0.10234197258245889,0.8333333333333334,-0.11674392408553967,-0.15622708173491665,0.06529310982735337,-0.23133451591488605,-0.07181271791430956,-0.23205626810325508,69,0.31030139397780676,0.009796194768196653,0.23985269152835545,0.19549278835761574,62
NDVI_ADJ_nbr_contrast,0.06128084167053682,61,0.0023011544291036755,0.0018260367906945518,0.0025168062453497252,0.8,0.2,-0.000632652769277886,0.00585078282984135,0.0014608294325556416,31,0.14086531859899162,0.14600740156153869,0.6666666666666666,-0.05737721396825328,-0.11338041110789171,0.19465484402125907,-0.19554356153178173,0.05500925494592583,-0.22922662601883803,70,0.2914787760959523,0.03223898150859725,0.23208823174853097,0.19292014719814832,63
ndbi_x_building_mask,0.10112023557246053,38,-0.0004634696812980545,3.1569105481477064e-05,0.0027137947938516674,0.6,0.4,-0.004962698497322471,0.0021342723510556104,1.894146328888624e-05,61,0.03873875823104432,0.040265945294364475,0.5,-0.03962994496879291,0.019809758760942254,-0.035294012311228626,-0.03459245194522295,0.055870395110173166,0.04723598628990603,91,0.4809725470426453,0.0004180183333572846,0.06382557458001083,0.19080474806793685,64
NDVI_ADJ_hist3_slope,0.08545524491214529,50,0.010200109691651162,0.0004572618119253136,0.018499843733250153,0.8,0.2,-0.000589079879736909,0.042687876568593276,0.00036580944954025087,50,0.07105985726872843,0.07163377990892347,0.6666666666666666,-0.10980565339331365,0.05361615092847027,0.08052495240325087,-0.014412789867506404,0.09681665350721355,0.07118294351261592,81,0.4064629257523343,0.0080730329062213,0.11707748071582635,0.1856610521357226,65
NDBI_ADJ_delta1,0.04887975435704206,68,0.0008433732853256528,0.00043132385297512955,0.0044513508398553335,0.6,0.4,-0.003677153088727092,0.008154633078486562,0.0002587943117850777,54,0.15340730716904524,0.17048356677324492,0.5,0.06824962374072921,-0.15288598229937495,-0.12271159386909404,0.20164188115440862,-0.312447709037818,0.06250705291284678,67,0.2324937221401026,0.00571132046372668,0.2527522814861423,0.17154949740830372,66
green_mask_hist3_std,0.03919047591295843,78,0.0005897430411939908,0.0007712782041953581,0.0013686225154100336,0.8,0.2,-0.0015784952342290381,0.0020929199664722732,0.0006170225633562866,39,0.17699241891779974,0.08147393335142834,1.0,0.34766725399729775,0.10806853283127509,0.13571170764352916,0.11328666492992422,0.18809318803514896,0.16912716606962333,61,0.18640723009552218,0.01361704424015493,0.29161086595392427,0.17139144688935273,67
NDWI_hist3_slope,0.06607686530146761,58,0.006725113064835667,0.0014900253974143851,0.008469228821257158,1.0,0.0,0.0007172009199454266,0.01988408093892362,0.0014900253974143851,30,0.08924611379037518,0.09701750005492349,0.6666666666666666,0.1694241653281314,-0.07230402852939623,-0.09989435462260116,0.07693790962240228,-0.050923008065401086,-0.06599321657431897,78,0.3142907848732907,0.032883305993188186,0.14704096754291254,0.1713311051436276,68
NightLights_hist3_slope,0.04749652192242593,71,0.0008281880869974321,-0.0009183113242235308,0.003722677372862963,0.4,0.6,-0.0023976710289141502,0.006857819093290018,0.0,68,0.15929710881911777,0.15068705096707308,0.8333333333333334,0.3702894718120871,0.16350222480026458,0.09885558943772406,0.15708771385903997,0.035389666856690954,-0.13065798614889979,65,0.2259144571348052,0.0,0.26245625733988875,0.17092975006614286,69
Albedo_nbr_contrast,0.09092730409030203,46,0.002738548559682927,0.00027742634765464124,0.005114530499568183,0.8,0.2,-0.00035578718426352294,0.011774406751104926,0.000221941078123713,55,0.030704864795627704,0.03321445421944686,0.5,0.02211501283701082,0.00402557431058566,-0.064835359304513,0.005234611402813417,-0.05931898958863642,-0.028699641330206905,92,0.4324904584769803,0.004898008045409495,0.05058901543240442,0.17054721828190747,70
NDBI_ADJ_hist3_slope,0.04464915039520356,73,-0.0010182353925598164,-0.003145274216819649,0.0036854350592343027,0.2,0.8,-0.003215526847581707,0.005329051074451918,0.0,75,0.1592880054554163,0.2053102151870499,0.6666666666666666,-0.5026363514173544,-0.09083887001899085,0.10762361791832704,-0.07390989871402018,0.11695010572079555,-0.0637691889430097,66,0.2123710992888527,0.0,0.26244125873266977,0.16618432530753285,71
dist_water,0.03612320328900687,79,0.004996389858566319,0.005896269431489643,0.006868686685483422,0.8,0.2,-0.005556803951065348,0.013228190932945472,0.0047170155451917144,15,0.12128534313760865,0.12067084946624576,0.6666666666666666,-0.059026405732988944,-0.14923335133791887,0.19731040304254008,0.08046097359614181,0.08119232989117645,0.16048859522488576,74,0.17181792541219781,0.10409961186992252,0.1998284681125402,0.16130612129463506,72
NDBI_hist3_slope,0.044254801283476475,74,-0.0006832049008982644,-0.0010017792602208253,0.0010887432570634325,0.2,0.8,-0.0016564818409351644,0.0011869137398152318,0.0,73,0.15029789462981888,0.19891989081008152,0.6666666666666666,-0.4711089183755034,-0.09332804237693386,0.12036586886237718,-0.06105376888707147,0.12527004527445174,-0.03066072400257571,68,0.21049540056626154,0.0,0.24762924577243242,0.16034362621854287,73
green_mask_nbr_contrast,0.04043270085467121,77,0.0009842103800819669,5.6420463781137184e-05,0.0028698268898109548,0.6,0.4,-0.001336144252248328,0.0056240646273161944,3.385227826868231e-05,60,0.15985366923724972,0.12018022175562232,0.8333333333333334,-0.11715094761232812,-0.16953752381144133,0.09744265992922282,-0.2599822939721198,-0.07138147256721138,-0.24362711753117494,64,0.19231580112320099,0.0007470844636657252,0.2633732404879778,0.15971528990301226,74
NDBI_delta1,0.042940231520296024,75,-0.0010732450376952675,-0.0004405086417474724,0.00296154679276596,0.4,0.6,-0.0055865319475020495,0.00242626944629869,0.0,77,0.13601561597966058,0.15146562034518898,0.5,0.08470740048807288,-0.09398709436858248,-0.09527934199153451,0.191963360073909,-0.2638586334744825,0.08629786548138198,73,0.20424272558303253,0.0,0.22409791222473857,0.1499192232327199,75
NDBI_hist3_std,0.011879274916458016,90,0.0008819444973601787,0.0004358636106782665,0.0010127050071555089,1.0,0.0,0.00011501743466091341,0.002491199820657286,0.0004358636106782665,45,0.21438258926896525,0.1142417495939468,1.0,-0.26732418567626665,-0.06882797630010509,-0.0478243671159125,-0.29721905476158333,-0.2569012704803194,-0.34819868127960446,53,0.05650308349503771,0.009619055155771475,0.3532145211891915,0.14628687818621167,76
NightLights_delta1,0.04712390760364649,72,0.001262765309313929,0.001597640686394186,0.0019826314817773284,0.6,0.4,-0.0009212721212820795,0.0032394578018799967,0.0009585844118365116,34,0.10151154572834631,0.1348838709386499,0.8333333333333334,0.21630287255464056,0.008260022819459367,0.06439205654847288,0.0155573411919393,-0.23752625225297821,0.06703072900258761,77,0.22414213869672675,0.021154957888247346,0.16724936545396552,0.1433335138192165,77
NDVI_hist3_slope,0.057889719716351706,64,0.005988512161194998,0.0011006189270405641,0.011283717621412738,0.8,0.2,-0.001725316871436755,0.025707265268611133,0.0008804951416324513,35,0.06443121599926417,0.06839724845557829,0.6666666666666666,-0.09946694975874038,0.01685239018778281,0.05748125525368879,-0.047430973433024354,0.07555689523731061,0.0897988321250381,86,0.27534910081975217,0.01943160916455392,0.10615620040051452,0.1393563381764595,78
EVI_hist3_std,0.010774768878085261,91,0.001503641230398234,0.0010337774499964425,0.0027625430749180484,0.8,0.2,-0.0009274574267506442,0.006200162288281597,0.0008270219599971541,36,0.19953480253632191,0.08613913180471906,1.0,-0.1230821365560733,-0.23002545529474522,-0.08593735014455417,-0.33653124637493886,-0.15688089677961367,-0.2647517300680062,55,0.0512495644590832,0.01825151183386809,0.32875146241481434,0.13847581295602457,79
EVI_hist3_slope,0.058906614495016996,63,0.002027442575723528,-0.00013276526376566623,0.007528519891651468,0.4,0.6,-0.003875407705762468,0.015104424385928805,0.0,65,0.06847716959708683,0.06959813331635539,0.6666666666666666,-0.03599520383604489,0.15350070488152678,0.07466294873354183,-0.03630706522006981,0.09414952948733057,0.01624756542400708,84,0.28018590197038373,0.0,0.11282227140787451,0.13755286068239037,80
NDBI_ADJ_hist3_std,0.013291546959660394,87,5.66040155342229e-05,-7.048015515391804e-05,0.0011582828019078369,0.4,0.6,-0.0011437422102768212,0.0012971347961045153,0.0,70,0.18401677806148423,0.13696756442946242,0.8333333333333334,-0.3282787269740971,-0.014854120533458548,0.001628620622970404,-0.22520209534803867,-0.18589190238725156,-0.348245202503089,60,0.06322047371758543,0.0,0.3031841269172231,0.12824161022218297,81
building_mask,0.01475368799982002,86,-0.00011251872848715644,0.0006713871115678671,0.0015497234155484644,0.6,0.4,-0.0026404774756091597,0.0010743523093914575,0.00040283226694072023,48,0.16382711255563012,0.06366062625853276,1.0,0.2505685578874696,0.09796824035374739,0.15282279426441994,0.2476814003143374,0.09564123454916801,0.13828044796463831,63,0.07017506293743772,0.008890087860735604,0.2699198443141556,0.12170024389627834,82
EVI_nbr_contrast,0.028806916876652267,83,-0.001107446459240009,-0.00025568565606315374,0.0024923259895132223,0.4,0.6,-0.004344345061844557,0.0013221662376279753,0.0,79,0.11599735235914986,0.06384044155991347,1.0,-0.11548617395583959,-0.14657832682913857,-0.008968162575263039,-0.1662714675873164,-0.06159278355527527,-0.19708719965206625,76,0.13701843260324267,0.0,0.19111602958273574,0.11484706176509243,83
Albedo_hist3_slope,0.04803673191688862,69,0.001642337970404402,0.0004973548873668854,0.0032382371189110465,0.6,0.4,-0.0019216968460094464,0.005907001329743977,0.0002984129324201312,52,0.052110954203123304,0.060673557354552855,0.5,0.08695261224586642,0.09264123422556854,-0.054886504272660994,-0.057624304919639824,-0.013354689108357314,0.007206380446646752,90,0.22848393470280817,0.006585662087454178,0.08585746538621851,0.11199518865739559,84
road_mask,0.01484766862241016,85,-0.00021184707788115983,0.0006571449543063323,0.0024369625795626565,0.8,0.2,-0.004497700684022376,0.0016150992463094481,0.0005257159634450659,41,0.13990576036823513,0.06818060715262929,1.0,0.12189613293832022,0.029455982290420037,0.24400975005623998,0.20018856273054544,0.13314531464174587,0.11073881955213923,71,0.07062207632861442,0.011602002839324851,0.23050727360176382,0.10887587332742985,85
Albedo_lag1,0.04162286317059749,76,0.0007008154555355262,0.0006457056732434463,0.0009943360812976366,0.8,0.2,-0.0005730710762314572,0.002213776808745749,0.0005165645385947571,42,0.05368958919574097,0.04314657698721812,0.8333333333333334,0.09955777084938695,0.0774495839960628,0.051521877776242675,-0.03630560969196284,0.031998339561714405,0.025304353299076175,89,0.19797673928502957,0.01140004044046335,0.0884584079578673,0.1036723136671529,86
Albedo_lag2,0.030892933793183808,81,0.0027753273525308137,0.003431249991044183,0.002543187419163931,0.8,0.2,-0.001573849890440826,0.00513885283733444,0.0027449999928353466,22,0.05393335909633232,0.055911653227720695,0.5,-0.07650682560162474,-0.10050619341838651,0.03631703121306454,-0.053030604810589126,0.03690601333172278,0.02033348620260622,88,0.14694045131530614,0.0605792860123987,0.08886004070710929,0.100703958011565,87
Albedo_hist3_mean,0.02883891202130595,82,0.0007183945607649189,0.0005342910118715683,0.001297435391630566,0.8,0.2,-0.0009184108981083128,0.002652336164458813,0.00042743280949725465,46,0.05787686347543757,0.05274291979654577,0.6666666666666666,0.07863003887944525,-0.05368175195521184,0.10253017172138237,-0.0029822435825548454,0.06562064228370564,0.04381633243032547,87,0.13717061565671324,0.009432996169472302,0.09535731744876484,0.08421467543775901,88
NDVI_hist3_std,0.02178379229839056,84,0.0012928919994761134,-0.0009615876325804962,0.004161411851125964,0.4,0.6,-0.0019268229240514856,0.008221137951677181,0.0,67,0.06962613235165367,0.06085287408060071,0.8333333333333334,-0.03386612981351262,-0.16564282033931682,-0.011155604297504115,-0.11574792358646738,0.00802637680538356,-0.08331793926773749,82,0.10361334708815022,0.0,0.11471529047533892,0.07641502314722119,89
NDWI_hist3_std,0.012736958528879683,88,0.002124088147457348,0.0002924581180304031,0.006956938034298178,0.6,0.4,-0.004317782242602241,0.013885087785064875,0.00017547487081824185,57,0.06930059419226918,0.07157870739204703,0.5,0.052737445996931684,-0.13222470968996217,0.02588148439653559,-0.10686913509557126,0.005835455905106929,-0.09225533406950748,83,0.06058260594954763,0.0038725473278806728,0.11417893719456226,0.062328304298802664,90
NDVI_ADJ_hist3_std,0.012480929364196314,89,0.00030826585890227233,-0.0001480542803228957,0.006623896974368887,0.4,0.6,-0.007368225780264126,0.010461861410396355,0.0,69,0.06579824208886409,0.07719868873639844,0.5,0.06461491326656006,-0.15346136926284198,0.01981258098558813,-0.0606276445697966,0.06719597137544335,-0.029076973072954426,85,0.05936481804826531,0.0,0.10840849834755245,0.05872066073853621,91
NightLights_nbr_contrast,0.007355946943416569,92,-7.608120245741645e-05,1.3132047040809169e-05,0.00028744481659619505,0.6,0.4,-0.0005220223703058302,0.0002392580390219834,7.8792282244855e-06,62,0.07653293288352743,0.02846606679299521,1.0,0.08905474593161784,0.07904997407759548,0.022944510471609912,0.091117016781634,0.06275539827721545,0.11427595176149194,79,0.03498813582915726,0.00017388634659887321,0.12609486309424378,0.05643121552717002,92
Albedo_hist3_std,0.0,93,7.805458418300055e-05,0.0008683243201271118,0.0018860510768374638,0.8,0.2,-0.0031607974989690036,0.0014723955636946951,0.0006946594561016895,38,0.07253205331244948,0.08370895458366777,0.5,0.1465286320771585,-0.08819554121348427,0.0802326310011585,-0.040870796903030464,0.009863308952319077,-0.06950140972754601,80,0.0,0.015330409465296409,0.11950305558388226,0.04642519229394771,93
