feature,auxiliary_r2,vif
NDWI,0.8942057552757098,9.452310025049986
NDBI_hist3_mean,0.8796838916624304,8.31143904018497
Albedo,0.8273282550886539,5.7913354643715715
NDBI,0.8176698642711568,5.4845568781190135
EVI,0.8171302688227974,5.468373544176044
EVI_hist3_mean,0.8161632247415073,5.439608035954182
Albedo_nbr_mean,0.7820383073690206,4.587962168623147
NDBI_ADJ_lag2,0.7498833536683465,3.998134529094895
dist_road,0.6721380278326958,3.050064005256796
NightLights_lag2,0.639709105979188,2.7755350373696523
green_mask_lag1,0.6301852713736145,2.7040567143291763
ndbi_x_vegetation_deficit,0.6213580654299973,2.6410175648812655
Albedo_hist3_std,0.5752476081406694,2.3543128165154155
LCZ,0.5655142808423543,2.301571618829587
dist_main_road,0.5624128302973002,2.2852589592135617
road_mask,0.5278197811391894,2.117835436674191
green_mask_hist3_std,0.46384062511616975,1.8651170656424132
Albedo_lag2,0.45515668828585676,1.835390062610622
EVI_hist3_std,0.42416117824545274,1.7365970515031592
NightLights_hist3_std,0.3693629027772489,1.5856980257011173
building_mask,0.24342903989416043,1.321753084284528
dist_water,0.22930056627343287,1.297522686846537
year,0.20003200664618614,1.2500500123855767
