feature,combined_evidence_score,combined_rank,mutual_information,mi_rank,robust_permutation_score,rolling_perm_rank,positive_fold_fraction,mean_abs_spearman_2018_2023,stability_rank,sign_consistency_fraction,domain_core,feature_role
NDBI_ADJ_lag2,0.8224172406669439,1,0.20884534697746826,2,0.023769692080597694,3,1.0,0.5503611729851796,5,1.0,False,tree_nonlinear_candidate
NDBI_hist3_mean,0.7919807883578572,2,0.19301816270725425,4,0.018223620429727312,5,0.6,0.6069472697418802,1,1.0,False,tree_nonlinear_candidate
green_mask_delta1,0.723878493168568,3,0.1587982475819283,17,0.04531251808206406,1,0.8,0.2766263764449453,40,0.5,False,tree_nonlinear_candidate
NDBI_lag2,0.7219840285040977,4,0.19294159464905114,5,0.010323315540549133,7,0.8,0.576489187218116,2,1.0,False,tree_nonlinear_candidate
NDBI_ADJ_hist3_mean,0.645818022555462,5,0.18904322782695182,7,0.0004033877057079138,47,0.6,0.569553611317064,3,1.0,False,tree_nonlinear_candidate
NDBI,0.6266143321972771,6,0.16650174507823312,12,0.006506072571923697,12,0.8,0.5312611059590194,7,1.0,True,tree_nonlinear_candidate
ndbi_x_vegetation_deficit,0.6120041061091017,7,0.16440265608027538,14,0.03594546987404392,2,1.0,0.17398628971546715,62,0.6666666666666666,False,tree_nonlinear_candidate
NDWI_delta1,0.5754326376649814,8,0.1657726664153305,13,0.022741838100648205,4,1.0,0.2582044091879656,44,1.0,False,tree_nonlinear_candidate
NDBI_lag1,0.5711560976344692,9,0.1454363557899665,23,0.0005303051538121473,40,0.6,0.564511685247512,4,1.0,False,tree_nonlinear_candidate
NDBI_ADJ,0.5621143343049682,10,0.1494106701954676,21,0.003942988872259789,18,1.0,0.49817697386557896,8,1.0,True,tree_nonlinear_candidate
NDWI,0.5424679249148432,11,0.20629149462673357,3,0.008928281192027399,9,0.6,0.2426606851544055,49,0.8333333333333334,True,tree_nonlinear_candidate
NDVI,0.54113474529779,12,0.21024117944822063,1,0.004650470338955977,16,0.8,0.278060642949961,39,0.8333333333333334,True,tree_nonlinear_candidate
NDBI_ADJ_nbr_mean,0.5325321080707962,13,0.14486207297726583,24,0.0025196478176411578,23,0.8,0.4763504012117492,9,1.0,False,tree_nonlinear_candidate
NDBI_ADJ_lag1,0.5139993243887169,14,0.12368434557565422,28,0.0,92,0.2,0.5342787283811454,6,1.0,False,tree_nonlinear_candidate
ndbi_minus_ndvi,0.5098826397609353,15,0.17799261352793927,8,0.0023048739719802925,24,1.0,0.3438941441940659,25,0.8333333333333334,False,tree_nonlinear_candidate
NDVI_ADJ,0.4811297633015408,16,0.19261257617547134,6,0.0008164160058574055,37,0.6,0.26891549546672444,42,0.8333333333333334,True,tree_nonlinear_candidate
NDBI_nbr_mean,0.4762421386821664,17,0.11545365514676753,30,0.0028427401001766303,21,0.6,0.45992595844416684,11,1.0,False,tree_nonlinear_candidate
NDVI_delta1,0.4738926621897653,18,0.16235904125860046,15,0.009183690468970163,8,1.0,0.24763854128552495,47,1.0,False,tree_nonlinear_candidate
NDVI_ADJ_nbr_mean,0.4700947334829514,19,0.17429854444735682,10,0.00419591490190558,17,0.6,0.26384963063734934,43,0.8333333333333334,False,tree_nonlinear_candidate
NDVI_ADJ_delta1,0.46745788415846795,20,0.1552112968479884,19,0.007626345946190405,10,1.0,0.2749947888789194,41,1.0,False,tree_nonlinear_candidate
ndvi_x_green_mask,0.45375087175679757,21,0.14979515002983135,20,0.004941032223353403,14,0.8,0.2976914352826972,35,0.8333333333333334,False,tree_nonlinear_candidate
green_mask,0.4484131251780109,22,0.136416182582618,26,0.007166478352320347,11,0.8,0.3015082155735691,34,0.8333333333333334,True,tree_nonlinear_candidate
Albedo,0.43785681483580535,23,0.1751338042805628,9,0.006047067219374256,13,0.8,0.18428002014813738,59,1.0,True,tree_nonlinear_candidate
EVI_hist3_mean,0.43228912514587087,24,0.13169111113982535,27,0.0,85,0.4,0.36946739939875606,14,1.0,False,tree_nonlinear_candidate
LCZ,0.4196334214351025,25,0.09193911212154937,45,0.0,93,0.2,0.46228112571498664,10,1.0,True,tree_nonlinear_candidate
NDVI_nbr_mean,0.40813494332601097,26,0.15810200516128958,18,0.0020348411880274494,27,0.6,0.22797257530906634,51,0.8333333333333334,False,tree_nonlinear_candidate
green_mask_nbr_mean,0.40709965004903337,27,0.10205022861396973,37,0.011544982505973423,6,0.8,0.27880614032059114,38,0.8333333333333334,False,tree_nonlinear_candidate
NightLights_lag2,0.4031937078759147,28,0.11661838902726718,29,0.0,89,0.4,0.3625256018123664,18,1.0,False,tree_nonlinear_candidate
green_mask_hist3_mean,0.3976407016854425,29,0.09848644715255528,41,0.00015307589212833152,58,0.6,0.4034837257090487,12,1.0,False,tree_nonlinear_candidate
dist_road,0.396160532048987,30,0.09966009664159703,39,0.0020237719436672387,28,0.6,0.3760509208604334,13,1.0,True,tree_nonlinear_candidate
NightLights_lag1,0.3921679743967043,31,0.11051804642692709,31,0.0,82,0.4,0.3610166282033916,21,1.0,False,tree_nonlinear_candidate
NDVI_hist3_mean,0.38631399557410795,32,0.10557443805490596,34,0.0,81,0.2,0.36513678855158854,15,1.0,False,tree_nonlinear_candidate
NDVI_ADJ_hist3_mean,0.38540382557941655,33,0.10508043841045378,35,0.0,90,0.0,0.3649845631500966,16,1.0,False,tree_nonlinear_candidate
NDWI_nbr_mean,0.38267079475042476,34,0.1599039520684613,16,0.0,64,0.4,0.20197459317740854,54,0.6666666666666666,False,tree_nonlinear_candidate
NDVI_lag2,0.382611619381071,35,0.10772173566182364,32,0.0,72,0.4,0.352517314225033,24,1.0,False,tree_nonlinear_candidate
Albedo_nbr_mean,0.3787331858738179,36,0.14565008375349642,22,0.0034738849316744338,19,0.8,0.19641162857158453,58,1.0,False,tree_nonlinear_candidate
NightLights_hist3_mean,0.37336884070785537,37,0.0988807014126909,40,0.0,91,0.2,0.36201235395652454,20,1.0,False,tree_nonlinear_candidate
Albedo_delta1,0.3663564000199672,38,0.14004727370140202,25,0.0028991712466015685,20,0.8,0.19772179911239085,56,0.8333333333333334,False,tree_nonlinear_candidate
EVI_lag2,0.3577720163767505,40,0.10284955652707861,36,0.0,74,0.2,0.32350762836438673,29,1.0,False,tree_nonlinear_candidate
NDVI_ADJ_lag2,0.35668599106790155,41,0.09199077959292801,44,0.0,88,0.4,0.3529726206877968,23,1.0,False,tree_nonlinear_candidate
green_mask_lag2,0.3554992424736976,42,0.08803207570384952,48,0.0,76,0.4,0.3623430584290832,19,1.0,False,tree_nonlinear_candidate
NightLights_nbr_mean,0.35271349304293653,43,0.08714403636901835,49,0.0,83,0.2,0.3600758819235188,22,1.0,False,tree_nonlinear_candidate
green_mask_lag1,0.34992407447032065,44,0.08977722547625255,47,0.000504169024939749,43,0.6,0.34184842660813336,27,1.0,False,tree_nonlinear_candidate
NightLights,0.3498486652470374,45,0.08380692198346917,51,0.0,80,0.2,0.3647418310168767,17,1.0,True,tree_nonlinear_candidate
NDWI_lag2,0.34700411458605307,46,0.09805864608546067,42,0.0,78,0.4,0.3186655575148593,30,1.0,False,tree_nonlinear_candidate
NDVI_lag1,0.31775848200203194,47,0.07214481987124,54,0.0,66,0.4,0.34276055330100036,26,1.0,False,tree_nonlinear_candidate
EVI,0.30639681493077675,48,0.09775227359145156,43,0.0019714496489876333,29,0.6,0.22649694572642945,52,0.8333333333333334,True,tree_nonlinear_candidate
year,0.28266640706411195,50,0.16979462517585642,11,0.0,71,0.4,,93,,True,tree_nonlinear_candidate
NDVI_ADJ_lag1,0.28234379799485243,51,0.05301209064965917,65,0.0,87,0.0,0.33658116705003005,28,1.0,False,tree_nonlinear_candidate
EVI_delta1,0.2792568195010863,52,0.07604106863255833,53,0.0021993950192676338,25,0.6,0.2394937347520778,50,1.0,False,tree_nonlinear_candidate
EVI_nbr_mean,0.24348954368514475,56,0.06963253763611021,57,0.0021398357855741067,26,0.6,0.1966531066687475,57,0.6666666666666666,False,tree_nonlinear_candidate
dist_main_road,0.20350299753600593,60,0.033264249091051745,80,0.00039769169698463893,49,0.6,0.25230483940967213,45,1.0,True,tree_nonlinear_candidate
NDWI_hist3_slope,0.1713311051436276,68,0.06607686530146761,58,0.0014900253974143851,30,1.0,0.08924611379037518,78,0.6666666666666666,False,tree_nonlinear_candidate
dist_water,0.16130612129463506,72,0.03612320328900687,79,0.0047170155451917144,15,0.8,0.12128534313760865,74,0.6666666666666666,True,tree_nonlinear_candidate
building_mask,0.12170024389627834,82,0.01475368799982002,86,0.00040283226694072023,48,0.6,0.16382711255563012,63,1.0,True,tree_nonlinear_candidate
road_mask,0.10887587332742985,85,0.01484766862241016,85,0.0005257159634450659,41,0.8,0.13990576036823513,71,1.0,True,tree_nonlinear_candidate
Albedo_lag2,0.100703958011565,87,0.030892933793183808,81,0.0027449999928353466,22,0.8,0.05393335909633232,88,0.5,False,tree_nonlinear_candidate
