file,sha256
E:\Git Research\J26-DS-338\Urban_Heat_Research\data\model_ready\tree\tree_train_2018_2023_ready.csv,37139f64919d50ef09ccdb8453fa48a6e522894742c4517fb1b3e47fead6fa9c
E:\Git Research\J26-DS-338\Urban_Heat_Research\outputs\metrics\11_baseline_rolling_origin_metrics.csv,d60fc0bd5362dbd44f9608d492ce57ea379d4d7b0df2ce2a4f63c44bd879df27
E:\Git Research\J26-DS-338\Urban_Heat_Research\outputs\metrics\12_random_forest_rolling_origin_metrics.csv,ba7106483e576dc1377d2ccf47c0f03a86278b46a021d5270e71bb6b1948d365
E:\Git Research\J26-DS-338\Urban_Heat_Research\outputs\metrics\12_random_forest_aggregated_metrics.csv,523baf39f03bdd538e4a6e70821efb02899288d087df96b1c69d0f5bc902a02c
E:\Git Research\J26-DS-338\Urban_Heat_Research\outputs\metrics\12_random_forest_vs_baselines.csv,81b708e9cc92a6cd28af5763724efa4c8517eb7ff1d6e7366a256d3c3db6a8b4
E:\Git Research\J26-DS-338\Urban_Heat_Research\outputs\predictions\12_random_forest_rolling_predictions.csv,5ba16b0160a3274af5a06d1fb35d9cb01b47cb2b7bfa536912ef9fe56f220af5
E:\Git Research\J26-DS-338\Urban_Heat_Research\outputs\reports\12_random_forest_residual_summary.csv,359a02ee48230a094604cc8d84488db432d6ef3e24d596931d03090059795b9c
E:\Git Research\J26-DS-338\Urban_Heat_Research\outputs\reports\12_random_forest_permutation_importance_by_fold.csv,4b4f0407f3450578191951fb05be6a93d27c5b9e7d9307d7b4bcc71c7f9a1d9b
E:\Git Research\J26-DS-338\Urban_Heat_Research\outputs\reports\12_random_forest_permutation_importance_aggregated.csv,4744c45766300c672112b40fa96bf29295070871bc2de3a6691cafb746a883ee
E:\Git Research\J26-DS-338\Urban_Heat_Research\outputs\reports\12_random_forest_full_development_impurity_importance.csv,875191951254d5b9c8c8e59b078e4c4ef5d134fdcdda1f9dbd7811fe7ba88c97
E:\Git Research\J26-DS-338\Urban_Heat_Research\models\candidates\12_random_forest_candidate_2018_2023.joblib,4c7c3f45c51b6b6963531aab38c3059053ccd4cda726b93971bf4c77cbc9db1b
E:\Git Research\J26-DS-338\Urban_Heat_Research\outputs\reports\12_random_forest_candidate_parameters.json,ce7105f2d50649fce6f426412eea03dc48498e4ccf1ca7ed4b3476c1785a57cc
