feature,impurity_importance,rank
year,0.09093172251997034,1
ndbi_x_vegetation_deficit,0.04379681193037365,2
NDBI_ADJ_lag2,0.03979966907551808,3
green_mask_delta1,0.0397452756424778,4
NDBI_lag2,0.038691404042194615,5
Albedo,0.030015063222758986,6
NDWI_delta1,0.028117334772453855,7
Albedo_delta1,0.027785286751262458,8
NDBI_hist3_mean,0.02692627625628393,9
NDVI_delta1,0.026654622621740443,10
NDVI_ADJ_delta1,0.024164716703818447,11
NDWI,0.022671477632670953,12
NightLights_hist3_slope,0.020377225416740547,13
NDBI_ADJ_hist3_mean,0.02001577155423535,14
NDBI,0.019530887932721515,15
NDVI,0.019279658231560227,16
green_mask_nbr_mean,0.0180532993450683,17
Albedo_nbr_mean,0.014123717171555769,18
NDVI_ADJ_hist3_slope,0.013736422009955071,19
NDWI_hist3_slope,0.012687802328923579,20
NDBI_ADJ,0.01262207413834259,21
NDVI_ADJ,0.012500976223206837,22
NDBI_lag1,0.012029030642686898,23
green_mask,0.011654320075109567,24
ndbi_minus_ndvi,0.010853566301716664,25
NDBI_ADJ_nbr_mean,0.010758193655186425,26
NDVI_ADJ_lag2,0.010640933500347591,27
NDVI_lag2,0.010507045240334434,28
NDVI_nbr_mean,0.00995372401857724,29
NDVI_ADJ_nbr_mean,0.00965254393523449,30
NDWI_nbr_mean,0.009518500827108886,31
NDBI_ADJ_lag1,0.009415291405453177,32
ndvi_x_green_mask,0.009166631469999837,33
NDBI_nbr_mean,0.00875849722616678,34
NDVI_hist3_slope,0.00834240386354682,35
green_mask_hist3_slope,0.008117746309054432,36
EVI_hist3_slope,0.007548709828748577,37
NightLights_delta1,0.007341839484191473,38
NightLights_lag1,0.007084882690730593,39
LCZ,0.007070635906849527,40
EVI_nbr_mean,0.006968370221613467,41
Albedo_hist3_slope,0.006885754429838374,42
dist_water,0.006846299619463368,43
EVI_lag2,0.006586084771316306,44
EVI_hist3_mean,0.006577806172598463,45
NDWI_lag2,0.0065519306969444805,46
NDBI_ADJ_hist3_slope,0.006295069322936991,47
dist_road,0.006145002475095647,48
NDBI_ADJ_delta1,0.005942235263531223,49
Albedo_nbr_contrast,0.005800280215867582,50
green_mask_lag1,0.005777106806572624,51
EVI,0.005500976810751655,52
NightLights_hist3_mean,0.00514135209598134,53
NightLights_lag2,0.005085997501012209,54
NightLights_nbr_mean,0.005083457704787766,55
EVI_delta1,0.005033297085067699,56
NightLights,0.004827514442542834,57
Albedo_lag2,0.00472013067707446,58
NDVI_hist3_mean,0.004702862789175846,59
NDBI_delta1,0.0046541304056068,60
NDWI_hist3_mean,0.00459197475894119,61
NDVI_ADJ_hist3_mean,0.004463429904816607,62
green_mask_lag2,0.004361308671923406,63
NDWI_lag1,0.004351197922257134,64
NightLights_hist3_std,0.004320135015779742,65
green_mask_hist3_mean,0.004310577540295767,66
NDVI_ADJ_nbr_contrast,0.004269338582324809,67
NDBI_hist3_slope,0.0042543507541944825,68
Albedo_lag1,0.004241540998781688,69
NDBI_nbr_contrast,0.004211599512634467,70
NDVI_ADJ_hist3_std,0.004055538334003115,71
NDVI_ADJ_lag1,0.003925450958624066,72
dist_main_road,0.00379198819572606,73
NDVI_lag1,0.003701127226571936,74
green_mask_nbr_contrast,0.003681822571098283,75
Albedo_hist3_mean,0.0036349635036105653,76
NDWI_hist3_std,0.0036234535084515747,77
NDBI_ADJ_hist3_std,0.0036166458803812648,78
NDWI_nbr_contrast,0.0035457651673104613,79
EVI_lag1,0.0035429955778715125,80
NDVI_nbr_contrast,0.0034803420928966712,81
NDBI_hist3_std,0.0033500432492584984,82
NDVI_hist3_std,0.0032345578298167105,83
NDBI_ADJ_nbr_contrast,0.003231034447979455,84
EVI_hist3_std,0.003069843405976094,85
EVI_nbr_contrast,0.002948629066796626,86
Albedo_hist3_std,0.0028886228014965935,87
green_mask_hist3_std,0.0027982445784178723,88
nightlights_x_building_mask,0.0027129455278240813,89
NightLights_nbr_contrast,0.002585269867940863,90
ndbi_x_building_mask,0.0023571709373160603,91
road_mask,0.0005748125138682848,92
building_mask,0.0005056276821582348,93
